,home_shot,away_shot,home_possession,away_possession,home_pass_success,away_pass_success,home_dribbles,away_dribbles,home_aerials_won,away_aerials_won,home_tackles,away_tackles,home_corners,away_corners,home_dispossessed,away_dispossessed,home_missing_player,away_missing_player,home_missing_player_rating,away_missing_player_rating,home,away,half_home_score,half_away_score,full_home_score,full_away_score,kick_off,date,matchup_home_goals,matchup_away_goals,matchup_home_wins,matchup_draw,matchup_away_wins,home_total_att,away_total_att,home_open_att,away_open_att,home_set_att,away_set_att,home_counter_att,away_counter_att,home_pk_att,away_pk_att,home_own_att,away_own_att,home_total_passes,away_total_passes,home_crosses_passes,away_crosses_passes,home_long_balls,away_long_balls,home_short_passes,away_short_passes
0,4,15,49.9,50.1,77,79,6,6,29,21,11,17,3,4,14,5,1,1,6.52,6.97,Cagliari,Torino,0,0,0,0,19:30,"Jtat, 26-Nov-18",6.0,17.0,Won (0%),Drew (17%),Won (83%),4,15,3,12,1,3,0,0,0,0,0,0,491,496,15,28,68,67,408,401
1,21,18,38.8,61.2,82,87,12,5,16,10,14,15,7,6,4,7,3,1,6.65,6.89,Lazio,Inter,0,2,0,3,19:30,"Jtat, 29-Okt-18",7.0,10.0,Won (33%),Drew (17%),Won (50%),21,18,15,9,6,7,0,2,0,0,0,0,408,641,27,13,52,65,328,562
2,14,13,46.8,53.2,74,76,1,6,24,21,19,16,7,3,10,12,3,2,6.98,6.44,Cagliari,Sampdoria,0,0,0,0,20:00,"Jtan, 26-Sep-18",6.0,13.0,Won (17%),Drew (33%),Won (50%),14,13,9,10,5,2,0,0,0,1,0,0,482,545,22,14,96,66,361,465
3,12,12,60.1,39.9,91,83,8,4,10,6,13,17,9,5,10,10,2,5,6.7,6.7,Sassuolo,AC Milan,0,1,1,4,19:30,"Jpl, 30-Sep-18",9.0,10.0,Won (33%),Drew (17%),Won (50%),12,12,8,9,4,2,0,1,0,0,0,0,621,414,29,13,29,66,563,335
4,11,9,49.3,50.7,76,75,4,7,31,29,16,15,5,5,9,8,2,2,6.38,7.06,Chievo,Cagliari,0,3,0,3,19:30,"Ijm, 29-Mac-19",7.0,9.0,Won (50%),Drew (0%),Won (50%),11,9,9,5,2,3,0,1,0,0,0,0,483,495,28,14,72,95,383,385
5,8,11,37.8,62.2,78,86,14,9,19,12,16,19,4,1,13,12,4,2,6.34,7.0,Chievo,AC Milan,1,1,1,2,19:30,"Jmos, 09-Mac-19",6.0,16.0,Won (0%),Drew (17%),Won (83%),8,11,5,6,3,4,0,1,0,0,0,0,393,649,18,8,58,76,317,564
6,16,14,57.5,42.5,86,81,8,11,9,7,18,15,3,6,9,11,6,2,6.6,6.91,Empoli,SPAL 2013,1,2,2,4,14:00,"Jmos, 20-Apr-19",2.0,2.0,Won (0%),Drew (100%),Won (0%),16,14,11,6,5,6,0,1,0,1,0,0,476,351,9,17,41,51,425,283
7,11,14,55.8,44.2,89,85,18,5,13,16,13,9,7,4,6,8,1,5,7.16,6.89,AC Milan,Inter,0,1,2,3,19:30,"Jpl, 17-Mac-19",7.0,8.0,Won (17%),Drew (50%),Won (33%),11,14,7,10,4,2,0,1,0,1,0,0,527,418,31,17,51,37,445,363
8,9,14,41.5,58.5,70,82,6,9,20,15,26,11,1,10,6,11,4,2,6.38,6.74,Udinese,Fiorentina,0,0,1,1,14:00,"Jpl, 03-Feb-19",5.0,11.0,Won (17%),Drew (17%),Won (67%),9,14,5,8,2,6,2,0,0,0,0,0,345,487,8,26,63,55,272,406
9,14,15,44.9,55.1,79,82,9,13,25,14,22,17,4,7,12,16,4,4,6.34,6.86,Udinese,AC Milan,0,0,0,1,19:30,"Jpl, 04-Nov-18",8.0,8.0,Won (33%),Drew (33%),Won (33%),14,15,12,14,2,1,0,0,0,0,0,0,380,467,14,19,52,55,311,392
10,17,6,61.6,38.4,87,80,10,5,17,16,11,18,5,0,8,7,5,4,6.89,6.62,Juventus,Udinese,2,0,4,1,19:30,"Ijm, 08-Mac-19",17.0,4.0,Won (83%),Drew (17%),Won (0%),17,6,12,6,4,0,0,0,1,0,0,0,672,421,20,4,66,67,582,350
11,9,14,49.5,50.5,85,84,10,9,12,16,9,19,8,4,9,2,3,4,6.6,6.73,Sassuolo,Juventus,0,1,0,3,17:00,"Jpl, 10-Feb-19",3.0,18.0,Won (0%),Drew (0%),Won (100%),9,14,5,8,3,5,1,1,0,0,0,0,546,559,19,18,44,47,483,492
12,16,5,61.9,38.1,86,76,4,18,13,12,23,14,7,4,7,14,2,3,6.86,6.72,Atalanta,Sassuolo,1,1,3,1,19:30,"Jpl, 26-Mei-19",17.0,5.0,Won (83%),Drew (17%),Won (0%),16,5,10,3,6,2,0,0,0,0,0,0,612,377,18,10,50,48,542,319
13,21,9,72.0,28.0,89,72,5,4,20,27,15,7,7,4,3,6,3,3,6.87,6.63,Inter,Roma,0,1,1,1,19:30,"Jmos, 20-Apr-19",9.0,10.0,Won (17%),Drew (50%),Won (33%),21,9,15,6,6,3,0,0,0,0,0,0,726,283,36,11,32,68,658,203
14,11,15,51.5,48.5,77,77,5,3,22,32,13,20,2,5,16,9,3,3,6.4,6.3,Frosinone,Bologna,0,0,0,0,19:30,"Jpl, 26-Ago-18",6.0,6.0,Won (50%),Drew (17%),Won (33%),11,15,7,8,3,6,1,1,0,0,0,0,466,438,11,20,75,76,379,341
15,12,9,47.5,52.5,68,75,4,7,35,25,22,15,3,2,9,10,3,3,6.55,6.67,Genoa,Torino,0,0,0,1,14:00,"Jmos, 20-Apr-19",7.0,8.0,Won (33%),Drew (17%),Won (50%),12,9,7,6,5,2,0,1,0,0,0,0,379,418,22,12,59,67,298,338
16,14,20,51.0,49.0,77,76,11,7,24,18,25,21,9,7,16,14,1,2,6.58,6.95,Roma,Bologna,0,0,2,1,19:30,"Jtat, 18-Feb-19",9.0,4.0,Won (50%),Drew (33%),Won (17%),14,20,6,16,6,1,1,3,1,0,0,0,404,388,23,22,47,52,333,313
17,10,10,35.3,64.7,80,86,8,4,16,13,18,19,4,7,10,10,5,3,6.58,6.82,Lazio,Napoli,1,1,1,2,19:30,"Jmos, 18-Ago-18",3.0,19.0,Won (0%),Drew (17%),Won (83%),10,10,8,10,2,0,0,0,0,0,0,0,419,763,9,17,69,76,339,668
18,17,16,45.6,54.4,74,81,9,11,10,22,16,22,4,9,16,10,1,3,7.06,6.96,Fiorentina,Juventus,0,1,0,3,17:00,"Jmos, 01-Des-18",5.0,11.0,Won (17%),Drew (0%),Won (83%),17,16,14,8,3,6,0,1,0,1,0,0,385,460,21,19,44,54,320,386
19,14,14,52.8,47.2,83,81,4,4,14,14,10,22,5,4,12,7,1,3,6.93,6.82,SPAL 2013,Sampdoria,0,2,1,2,14:00,"Jpl, 03-Mac-19",5.0,7.0,Won (25%),Drew (0%),Won (75%),14,14,9,13,5,1,0,0,0,0,0,0,460,412,34,16,45,55,381,340
20,24,8,50.5,49.5,90,88,13,12,8,5,20,12,5,1,8,14,3,3,6.82,6.84,Napoli,AC Milan,0,1,3,2,19:30,"Jmos, 25-Ago-18",13.0,5.0,Won (67%),Drew (33%),Won (0%),24,8,20,6,3,2,1,0,0,0,0,0,621,608,20,10,45,59,555,538
21,13,16,47.8,52.2,79,81,10,12,25,19,14,19,2,2,9,10,5,2,6.41,6.98,Frosinone,Lazio,0,1,0,1,18:00,"Jtat, 04-Feb-19",0.0,3.0,Won (0%),Drew (33%),Won (67%),13,16,11,13,1,2,1,1,0,0,0,0,523,567,25,21,71,49,426,496
22,13,15,51.4,48.6,74,72,15,6,18,22,19,25,0,2,17,11,2,0,6.82,,Sampdoria,Torino,0,2,1,4,14:00,"Jpl, 04-Nov-18",8.0,8.0,Won (17%),Drew (67%),Won (17%),13,15,8,12,4,1,0,1,1,1,0,0,452,427,13,14,56,90,382,322
23,13,12,51.4,48.6,81,79,13,1,24,26,12,11,5,3,4,7,2,2,6.38,6.57,Genoa,Bologna,0,0,1,0,14:00,"Jpl, 16-Sep-18",2.0,7.0,Won (17%),Drew (17%),Won (67%),13,12,7,9,6,3,0,0,0,0,0,0,395,375,16,20,60,65,319,289
24,18,9,49.2,50.8,80,81,8,6,22,14,11,16,7,4,8,10,3,1,6.37,6.52,Genoa,Chievo,1,0,2,0,20:00,"Jtan, 26-Sep-18",6.0,6.0,Won (33%),Drew (33%),Won (33%),18,9,10,7,8,2,0,0,0,0,0,0,495,513,22,28,79,61,394,424
25,9,15,45.7,54.3,75,81,15,2,21,19,12,13,6,6,9,8,1,2,6.44,6.68,Empoli,Cagliari,1,0,2,0,19:30,"Jpl, 19-Ago-18",9.0,11.0,Won (33%),Drew (17%),Won (50%),9,15,6,11,2,4,1,0,0,0,0,0,426,500,11,33,70,67,344,400
26,15,13,40.0,60.0,72,81,9,8,24,13,12,15,5,5,5,8,2,2,6.77,6.61,Fiorentina,Napoli,0,0,0,0,17:00,"Jmos, 09-Feb-19",7.0,9.0,Won (17%),Drew (33%),Won (50%),15,13,8,11,7,1,0,1,0,0,0,0,360,538,23,18,62,61,275,456
27,25,10,53.8,46.2,81,78,14,10,25,21,15,15,13,2,10,6,3,3,6.57,6.32,Lazio,Chievo,0,0,1,2,14:00,"Jmos, 20-Apr-19",13.0,6.0,Won (50%),Drew (33%),Won (17%),25,10,15,9,10,0,0,1,0,0,0,0,470,406,28,18,64,59,378,328
28,18,15,60.5,39.5,87,80,9,4,26,13,15,5,5,7,2,9,2,4,7.0,6.42,Juventus,Frosinone,2,0,3,0,19:30,"Ijm, 15-Feb-19",8.0,1.0,Won (80%),Drew (20%),Won (0%),18,15,6,6,10,9,2,0,0,0,0,0,616,400,12,23,65,48,539,329
29,9,13,35.0,65.0,73,85,1,6,21,13,18,8,4,6,4,10,2,0,6.46,,Chievo,Empoli,0,0,0,0,19:30,"Jpl, 02-Sep-18",9.0,6.0,Won (33%),Drew (50%),Won (17%),9,13,4,9,5,4,0,0,0,0,0,0,377,698,17,25,59,84,301,588
30,14,14,55.3,44.7,88,85,5,9,11,9,12,13,1,4,7,4,0,4,,6.7,Sampdoria,Lazio,0,2,1,2,17:00,"Jpl, 28-Apr-19",9.0,18.0,Won (17%),Drew (17%),Won (67%),14,14,12,6,2,5,0,3,0,0,0,0,581,471,21,10,47,52,512,407
31,10,18,38.6,61.4,72,83,5,9,17,33,14,15,2,10,8,8,5,2,6.82,6.52,Cagliari,Napoli,0,0,0,1,17:00,"Jpl, 16-Des-18",4.0,22.0,Won (0%),Drew (17%),Won (83%),10,18,9,11,1,6,0,1,0,0,0,0,359,572,15,19,71,67,272,485
32,8,10,39.5,60.5,77,87,6,9,21,26,26,17,2,4,14,16,4,1,6.54,7.39,Cagliari,Atalanta,0,0,0,1,20:00,"Jtat, 04-Feb-19",7.0,5.0,Won (67%),Drew (0%),Won (33%),8,10,2,7,5,3,1,0,0,0,0,0,433,661,8,19,55,63,366,579
33,12,14,61.5,38.5,80,69,14,8,27,18,20,24,13,3,17,15,1,3,7.03,6.56,Bologna,Genoa,1,1,1,1,11:30,"Jpl, 10-Feb-19",6.0,3.0,Won (50%),Drew (17%),Won (33%),12,14,5,8,7,5,0,1,0,0,0,0,542,339,32,11,62,74,448,254
34,13,11,36.6,63.4,66,81,7,6,28,30,19,22,6,7,13,14,2,1,6.88,6.58,Torino,Inter,1,0,1,0,17:00,"Jpl, 27-Jan-19",9.0,8.0,Won (33%),Drew (50%),Won (17%),13,11,8,9,3,2,2,0,0,0,0,0,294,507,16,22,67,73,211,412
35,16,11,53.8,46.2,82,77,7,7,22,20,9,19,7,6,14,7,5,4,6.76,6.53,Roma,Udinese,0,0,1,0,17:00,"Jmos, 13-Apr-19",12.0,3.0,Won (83%),Drew (0%),Won (17%),16,11,12,9,4,2,0,0,0,0,0,0,458,394,35,17,81,69,340,307
36,18,6,65.7,34.3,86,73,8,3,20,15,12,8,13,3,4,6,4,7,6.67,6.62,Bologna,Parma Calcio 1913,0,0,4,1,18:00,"Jtat, 13-Mei-19",1.0,2.0,Won (33%),Drew (33%),Won (33%),20,6,14,4,4,2,0,0,0,0,2,0,552,287,29,10,39,54,482,222
37,23,10,43.0,57.0,72,71,7,8,19,26,24,20,7,5,15,18,4,2,6.74,6.91,Fiorentina,Torino,1,1,1,1,14:00,"Jpl, 31-Mac-19",11.0,6.0,Won (50%),Drew (33%),Won (17%),23,10,17,5,4,5,2,0,0,0,0,0,312,413,20,17,51,87,240,309
38,14,11,53.5,46.5,82,81,7,4,11,22,20,25,4,1,15,16,2,1,6.7,6.49,Sampdoria,Chievo,0,0,2,0,14:00,"Jtan, 26-Des-18",9.0,7.0,Won (33%),Drew (17%),Won (50%),14,11,7,9,7,2,0,0,0,0,0,0,493,430,12,17,58,71,420,342
39,11,16,61.6,38.4,86,75,9,12,19,19,15,26,0,4,15,11,4,4,6.98,6.33,Atalanta,Genoa,0,0,2,1,14:00,"Jmos, 11-Mei-19",16.0,6.0,Won (83%),Drew (0%),Won (17%),11,16,11,12,0,3,0,1,0,0,0,0,581,361,2,20,54,62,523,277
40,12,22,41.7,58.3,82,87,10,15,17,26,10,18,4,8,13,5,0,2,,6.78,Empoli,Bologna,1,1,2,1,14:00,"Jpl, 09-Des-18",9.0,5.0,Won (50%),Drew (33%),Won (17%),12,22,9,16,3,6,0,0,0,0,0,0,423,594,21,40,64,59,338,495
41,20,8,61.7,38.3,85,76,8,13,18,17,15,14,11,1,5,10,2,1,6.92,6.5,Torino,Sassuolo,0,1,3,2,11:30,"Jpl, 12-Mei-19",11.0,8.0,Won (33%),Drew (50%),Won (17%),20,8,14,6,5,1,0,1,1,0,0,0,520,321,35,6,39,42,443,271
42,7,11,47.3,52.7,74,80,6,7,22,25,17,11,3,4,7,12,2,2,6.55,7.11,Bologna,Torino,0,1,2,2,14:00,"Jpl, 21-Okt-18",4.0,12.0,Won (17%),Drew (17%),Won (67%),7,11,4,7,3,4,0,0,0,0,0,0,401,446,17,13,76,72,308,361
43,17,15,33.8,66.2,73,83,8,5,11,17,26,17,8,7,10,21,2,3,6.55,6.88,Udinese,Sampdoria,1,0,1,0,19:30,"Jpl, 26-Ago-18",7.0,5.0,Won (33%),Drew (33%),Won (33%),17,15,9,9,7,6,1,0,0,0,0,0,309,603,18,20,65,48,225,535
44,18,8,65.2,34.8,86,73,10,5,16,18,17,15,6,3,7,14,3,1,6.51,6.43,Bologna,Chievo,0,0,3,0,19:30,"Jtat, 08-Apr-19",11.0,8.0,Won (33%),Drew (50%),Won (17%),18,8,15,5,1,3,0,0,2,0,0,0,548,291,22,10,50,45,476,236
45,13,26,32.6,67.4,70,86,4,6,18,16,12,17,5,8,8,4,1,4,6.71,6.82,Bologna,Napoli,2,0,3,2,19:30,"Jmos, 25-Mei-19",5.0,25.0,Won (0%),Drew (0%),Won (100%),13,26,9,22,4,4,0,0,0,0,0,0,285,587,11,23,67,61,207,503
46,12,11,35.0,65.0,76,86,3,6,13,13,22,11,2,7,7,15,0,3,,6.66,SPAL 2013,Lazio,0,0,1,0,20:00,"Jtan, 03-Apr-19",4.0,15.0,Won (0%),Drew (17%),Won (83%),12,11,10,10,0,1,1,0,1,0,0,0,322,604,18,17,40,56,264,530
47,17,15,36.4,63.6,75,87,10,9,18,6,12,13,6,6,7,6,3,2,6.53,6.67,Udinese,Empoli,3,2,3,2,14:00,"Jpl, 07-Apr-19",7.0,7.0,Won (33%),Drew (17%),Won (50%),17,15,9,11,5,3,2,1,1,0,0,0,320,558,11,31,58,36,251,487
48,17,11,55.1,44.9,83,79,16,7,17,12,12,20,6,3,7,6,6,3,6.76,6.75,Juventus,Sampdoria,1,1,2,1,11:30,"Jmos, 29-Des-18",17.0,5.0,Won (83%),Drew (0%),Won (17%),17,11,14,9,2,0,0,1,1,1,0,0,547,444,27,17,85,40,432,387
49,15,12,48.5,51.5,82,84,4,5,24,18,9,12,8,2,7,6,1,2,6.52,6.6,Cagliari,Chievo,1,0,2,1,14:00,"Jpl, 28-Okt-18",5.0,8.0,Won (17%),Drew (0%),Won (83%),15,12,7,10,8,2,0,0,0,0,0,0,494,525,20,20,66,70,408,435
50,14,13,56.1,43.9,75,69,2,3,22,24,11,7,3,8,6,8,2,2,6.74,6.38,Sampdoria,Genoa,1,0,2,0,14:00,"Jpl, 14-Apr-19",6.0,5.0,Won (50%),Drew (33%),Won (17%),14,13,8,6,5,7,0,0,1,0,0,0,443,353,11,25,69,49,362,273
51,11,10,49.8,50.2,71,66,3,9,42,46,15,20,4,6,8,5,5,3,6.41,6.41,Chievo,Genoa,0,0,0,0,14:00,"Jpl, 24-Feb-19",4.0,5.0,Won (33%),Drew (33%),Won (33%),11,10,8,6,3,4,0,0,0,0,0,0,414,413,19,25,77,86,318,302
52,8,16,55.4,44.6,82,81,16,8,13,16,12,24,2,5,9,8,6,2,6.61,7.1,Lazio,Atalanta,1,1,1,3,14:00,"Jpl, 05-Mei-19",12.0,9.0,Won (50%),Drew (33%),Won (17%),8,17,7,15,1,1,0,0,0,0,0,1,551,445,18,14,60,51,470,378
53,16,8,48.9,51.1,80,82,12,13,21,10,16,19,7,7,8,12,2,3,6.66,6.76,Roma,Sampdoria,1,0,4,1,14:00,"Jpl, 11-Nov-18",12.0,8.0,Won (50%),Drew (17%),Won (33%),16,8,11,5,5,3,0,0,0,0,0,0,468,485,19,24,73,57,375,402
54,14,11,59.6,40.4,84,80,3,18,17,20,12,11,7,3,9,8,2,2,6.5,6.26,Chievo,Udinese,0,0,0,2,14:00,"Jpl, 23-Sep-18",7.0,6.0,Won (33%),Drew (50%),Won (17%),14,11,8,10,6,0,0,1,0,0,0,0,526,361,19,10,66,71,441,279
55,10,24,35.6,64.4,70,83,8,6,15,11,18,12,1,10,9,16,3,1,6.59,6.83,Parma Calcio 1913,SPAL 2013,1,0,2,3,14:00,"Jpl, 27-Jan-19",0.0,1.0,Won (0%),Drew (0%),Won (100%),10,24,7,17,2,7,0,0,1,0,0,0,299,529,7,34,63,57,227,438
56,24,11,61.8,38.2,89,84,11,14,9,7,9,12,3,5,9,6,3,1,6.79,6.78,Napoli,SPAL 2013,1,0,1,0,14:00,"Jmos, 22-Des-18",5.0,2.0,Won (75%),Drew (25%),Won (0%),24,11,21,9,3,2,0,0,0,0,0,0,707,438,15,11,60,59,627,368
57,9,19,35.5,64.5,67,84,2,5,19,29,25,23,3,8,18,17,2,3,6.64,6.66,Chievo,Torino,0,0,0,1,14:00,"Jpl, 30-Sep-18",6.0,7.0,Won (33%),Drew (33%),Won (33%),9,19,7,13,2,5,0,1,0,0,0,0,326,589,13,21,80,64,233,503
58,15,11,53.3,46.7,87,86,6,13,9,13,20,13,7,6,10,9,1,8,6.93,6.87,Sampdoria,Juventus,0,0,2,0,17:00,"Jpl, 26-Mei-19",5.0,17.0,Won (17%),Drew (0%),Won (83%),15,11,9,8,6,3,0,0,0,0,0,0,549,486,19,17,34,82,495,385
59,29,5,53.4,46.6,82,75,10,6,24,20,13,20,10,6,10,12,1,1,6.63,6.71,Lazio,Sampdoria,0,1,2,2,19:30,"Jmos, 08-Des-18",17.0,8.0,Won (67%),Drew (17%),Won (17%),29,5,18,4,9,1,1,0,1,0,0,0,511,444,37,10,66,67,406,366
60,10,17,42.4,57.6,73,81,16,6,21,22,13,13,6,5,5,8,3,0,6.6,,Torino,Roma,0,0,0,1,17:00,"Jpl, 19-Ago-18",8.0,13.0,Won (33%),Drew (0%),Won (67%),10,17,7,10,2,6,1,1,0,0,0,0,347,469,19,18,73,57,253,391
61,16,11,58.2,41.8,80,72,15,15,23,24,15,13,7,3,9,11,8,2,6.83,6.75,Juventus,Torino,0,1,1,1,19:30,"Ijm, 03-Mei-19",12.0,2.0,Won (83%),Drew (17%),Won (0%),16,11,14,7,2,4,0,0,0,0,0,0,514,370,31,10,52,82,431,277
62,11,13,47.9,52.1,83,85,2,5,14,22,17,10,1,6,8,12,3,3,6.51,6.49,SPAL 2013,Cagliari,1,0,2,2,17:00,"Jmos, 10-Nov-18",1.0,9.0,Won (0%),Drew (0%),Won (100%),11,13,6,8,3,5,2,0,0,0,0,0,467,509,12,19,51,66,404,424
63,13,14,47.9,52.1,78,83,7,6,20,12,20,14,4,7,11,9,3,1,6.74,6.81,Sampdoria,Atalanta,0,0,1,2,14:00,"Jpl, 10-Mac-19",8.0,4.0,Won (67%),Drew (17%),Won (17%),13,14,11,11,1,3,0,0,1,0,0,0,453,492,19,23,55,64,377,403
64,15,15,60.2,39.8,86,74,3,5,25,12,8,18,5,7,10,5,4,3,6.86,6.5,AC Milan,Frosinone,0,0,2,0,17:00,"Jpl, 19-Mei-19",7.0,5.0,Won (33%),Drew (67%),Won (0%),15,15,9,10,5,4,1,0,0,1,0,0,562,375,19,24,46,63,497,287
65,13,5,71.1,28.9,89,69,10,9,12,10,13,19,8,4,16,11,1,5,6.69,6.74,Sampdoria,Parma Calcio 1913,0,0,2,0,14:00,"Jpl, 16-Des-18",3.0,1.0,Won (100%),Drew (0%),Won (0%),13,5,11,3,2,2,0,0,0,0,0,0,735,300,30,15,33,65,669,219
66,7,17,34.5,65.5,66,84,4,6,14,10,12,14,5,6,7,11,0,1,,6.6,Fiorentina,Atalanta,0,0,2,0,14:00,"Jpl, 30-Sep-18",8.0,4.0,Won (33%),Drew (67%),Won (0%),7,17,2,11,4,6,0,0,1,0,0,0,282,535,15,29,55,61,212,445
67,7,8,33.4,66.6,77,89,7,7,9,8,15,10,3,3,5,7,1,1,6.31,6.64,Empoli,Sassuolo,2,0,3,0,14:00,"Jpl, 17-Feb-19",8.0,13.0,Won (33%),Drew (0%),Won (67%),7,8,6,7,0,1,1,0,0,0,0,0,351,699,14,15,62,39,274,642
68,10,16,29.3,70.7,73,90,4,7,4,15,8,6,8,5,5,7,2,1,6.94,6.69,Empoli,Sampdoria,1,1,2,4,14:00,"Jmos, 22-Des-18",3.0,5.0,Won (0%),Drew (67%),Won (33%),10,16,6,13,3,3,0,0,1,0,0,0,278,667,17,24,72,43,188,599
69,20,7,45.8,54.2,74,79,6,19,22,16,18,15,7,3,8,12,2,7,6.44,6.76,Genoa,Lazio,0,1,2,1,14:00,"Jpl, 17-Feb-19",10.0,17.0,Won (17%),Drew (17%),Won (67%),20,7,13,5,7,2,0,0,0,0,0,0,420,500,21,15,72,76,327,409
70,26,10,64.5,35.5,87,75,7,10,11,22,19,13,15,4,8,13,4,0,6.8,,Napoli,Torino,0,0,0,0,19:30,"Jpl, 17-Feb-19",20.0,8.0,Won (83%),Drew (17%),Won (0%),26,10,16,4,9,6,1,0,0,0,0,0,568,311,33,16,44,64,489,230
71,11,18,31.6,68.4,72,87,4,7,11,14,20,23,2,11,17,16,6,3,6.47,6.41,Parma Calcio 1913,Empoli,1,0,1,0,17:00,"Jpl, 30-Sep-18",1.0,6.0,Won (0%),Drew (0%),Won (100%),11,18,9,13,1,5,1,0,0,0,0,0,308,664,9,28,74,43,225,593
72,21,9,69.6,30.4,88,75,12,6,13,16,14,17,20,2,8,10,4,3,6.65,6.28,Napoli,Chievo,0,0,0,0,14:00,"Jpl, 25-Nov-18",10.0,3.0,Won (67%),Drew (33%),Won (0%),21,9,12,7,8,2,1,0,0,0,0,0,716,315,45,13,72,69,598,232
73,10,21,43.7,56.3,77,82,6,14,14,20,18,20,2,10,16,10,2,1,6.69,6.65,Sassuolo,Genoa,4,1,5,3,19:30,"Jpl, 02-Sep-18",4.0,4.0,Won (33%),Drew (17%),Won (50%),11,21,9,13,1,8,0,0,0,0,1,0,394,504,7,33,62,43,324,427
74,23,5,71.1,28.9,88,73,6,4,28,13,11,11,17,0,6,9,4,2,6.98,6.5,Inter,Chievo,1,0,2,0,20:00,"Jtat, 13-Mei-19",12.0,5.0,Won (67%),Drew (17%),Won (17%),23,5,17,2,6,3,0,0,0,0,0,0,670,274,42,5,40,47,588,222
75,17,18,54.0,46.0,80,79,7,5,18,18,12,14,6,10,8,8,2,1,6.58,6.87,Sassuolo,Fiorentina,0,0,3,3,11:30,"Jpl, 09-Des-18",6.0,11.0,Won (17%),Drew (33%),Won (50%),17,18,14,15,2,3,1,0,0,0,0,0,418,355,23,30,51,61,344,264
76,13,14,45.5,54.5,66,73,4,9,38,24,21,16,3,3,13,18,3,1,6.28,6.88,Frosinone,Torino,1,0,1,2,14:00,"Jpl, 10-Mac-19",9.0,13.0,Won (33%),Drew (0%),Won (67%),13,14,7,8,4,5,2,1,0,0,0,0,349,416,27,15,67,76,255,324
77,11,9,57.3,42.7,80,70,4,6,22,25,15,21,6,7,15,13,0,3,,6.49,Fiorentina,Cagliari,0,0,1,1,17:00,"Jpl, 21-Okt-18",12.0,7.0,Won (67%),Drew (0%),Won (33%),11,9,8,5,2,4,0,0,1,0,0,0,508,380,22,13,78,69,408,298
78,9,10,36.4,63.6,80,88,12,5,9,4,18,15,4,6,7,10,2,2,6.83,6.81,Empoli,Inter,0,0,0,1,14:00,"Jmos, 29-Des-18",4.0,11.0,Won (0%),Drew (17%),Won (83%),9,10,4,7,3,3,2,0,0,0,0,0,390,686,18,33,64,53,307,597
79,16,6,50.1,49.9,84,83,6,6,19,25,17,9,9,4,7,13,1,3,7.08,6.62,Inter,Cagliari,1,0,2,0,19:30,"Jmos, 29-Sep-18",18.0,5.0,Won (83%),Drew (0%),Won (17%),16,6,12,4,4,2,0,0,0,0,0,0,512,511,28,21,45,61,438,428
80,17,10,64.6,35.4,92,79,11,13,11,17,15,13,6,5,5,11,4,0,6.86,,Napoli,Bologna,1,1,3,2,17:00,"Jmos, 29-Des-18",24.0,6.0,Won (83%),Drew (0%),Won (17%),17,10,13,5,3,5,1,0,0,0,0,0,641,351,38,25,65,68,538,257
81,14,6,62.7,37.3,82,69,7,5,21,28,11,23,11,4,18,7,1,4,6.96,6.29,Fiorentina,Udinese,0,0,1,0,17:00,"Jpl, 02-Sep-18",13.0,5.0,Won (67%),Drew (17%),Won (17%),14,6,9,5,5,1,0,0,0,0,0,0,483,287,27,15,67,67,388,205
82,15,9,58.5,41.5,84,76,8,6,18,25,10,22,6,4,17,7,0,2,,6.41,SPAL 2013,Chievo,0,0,0,0,11:30,"Jpl, 16-Des-18",2.0,3.0,Won (0%),Drew (67%),Won (33%),15,9,11,5,4,2,0,2,0,0,0,0,520,372,28,21,54,74,438,275
83,20,10,43.5,56.5,84,85,5,2,9,13,16,8,4,3,6,7,3,3,6.3,6.83,Empoli,Roma,0,1,0,2,19:30,"Jmos, 06-Okt-18",4.0,11.0,Won (0%),Drew (33%),Won (67%),20,10,14,8,4,2,1,0,1,0,0,0,429,545,12,19,40,64,374,462
84,18,11,62.4,37.6,78,63,8,0,22,19,9,12,10,7,6,4,2,2,6.46,6.41,Fiorentina,Frosinone,0,0,0,1,11:30,"Jpl, 07-Apr-19",5.0,2.0,Won (33%),Drew (67%),Won (0%),18,11,10,8,7,3,1,0,0,0,0,0,533,321,48,20,53,73,432,228
85,9,11,37.8,62.2,83,90,4,5,3,8,16,23,5,3,13,13,5,2,6.4,6.44,Frosinone,Sampdoria,0,1,0,5,19:30,"Jmos, 15-Sep-18",2.0,2.0,Won (50%),Drew (0%),Won (50%),9,11,4,8,5,2,0,0,0,1,0,0,400,655,21,9,58,47,320,599
86,15,17,42.6,57.4,78,85,9,17,8,16,21,19,1,8,10,11,4,1,6.64,7.0,Sassuolo,Atalanta,0,2,2,6,14:00,"Jmos, 29-Des-18",4.0,12.0,Won (0%),Drew (33%),Won (67%),15,17,15,11,0,5,0,1,0,0,0,0,413,555,10,19,55,53,347,479
87,9,18,28.5,71.5,74,89,2,15,19,15,22,17,2,1,10,12,1,7,7.11,6.85,Bologna,AC Milan,0,0,0,0,19:30,"Jnne, 18-Des-18",3.0,9.0,Won (17%),Drew (0%),Won (83%),9,18,6,18,3,0,0,0,0,0,0,0,304,752,8,16,59,58,237,677
88,14,11,44.5,55.5,77,82,13,2,7,13,14,13,4,7,8,10,0,1,,6.79,Fiorentina,Sampdoria,1,1,3,3,14:00,"Jpl, 20-Jan-19",9.0,11.0,Won (17%),Drew (50%),Won (33%),14,11,10,8,2,2,2,0,0,1,0,0,384,474,15,19,59,49,307,406
89,11,26,27.5,72.5,67,88,2,8,10,25,18,11,1,10,6,6,3,1,6.63,6.7,Bologna,Roma,1,0,2,0,14:00,"Jpl, 23-Sep-18",4.0,11.0,Won (0%),Drew (50%),Won (50%),11,26,8,19,2,7,1,0,0,0,0,0,239,621,7,53,67,58,165,508
90,9,20,30.3,69.7,81,91,5,14,9,12,21,14,4,8,7,11,5,0,6.43,,Frosinone,Atalanta,0,2,0,5,11:30,"Jpl, 20-Jan-19",0.0,7.0,Won (0%),Drew (40%),Won (60%),9,20,7,14,2,6,0,0,0,0,0,0,332,752,18,24,52,25,262,703
91,18,15,49.7,50.3,81,81,10,3,23,22,25,9,5,6,6,19,6,1,6.14,6.71,Chievo,Bologna,2,1,2,2,14:00,"Jpl, 11-Nov-18",7.0,9.0,Won (33%),Drew (33%),Won (33%),18,15,16,8,1,7,0,0,1,0,0,0,410,416,17,18,91,59,301,339
92,22,9,56.3,43.7,83,82,11,20,5,10,17,16,1,1,11,7,3,4,6.74,6.38,Sampdoria,Udinese,1,0,4,0,17:00,"Jmos, 26-Jan-19",5.0,7.0,Won (33%),Drew (33%),Won (33%),22,9,16,9,4,0,0,0,2,0,0,0,523,410,8,12,41,53,472,344
93,16,9,45.9,54.1,83,86,11,7,7,7,31,18,5,10,8,14,2,1,6.74,7.16,Sampdoria,AC Milan,1,0,1,0,19:30,"Jmos, 30-Mac-19",5.0,7.0,Won (33%),Drew (0%),Won (67%),16,9,15,7,1,2,0,0,0,0,0,0,489,575,15,25,59,58,411,492
94,15,15,58.2,41.8,81,76,10,7,11,4,11,20,1,3,13,6,2,1,6.44,6.49,Empoli,Genoa,0,1,1,3,19:30,"Jtat, 28-Jan-19",3.0,6.0,Won (17%),Drew (17%),Won (67%),15,15,8,9,6,5,1,1,0,0,0,0,616,442,15,18,69,63,529,359
95,17,14,59.0,41.0,83,74,13,7,29,22,17,20,9,2,12,9,2,4,6.71,6.46,Torino,Udinese,1,0,1,0,14:00,"Jpl, 10-Feb-19",15.0,8.0,Won (50%),Drew (50%),Won (0%),17,14,14,9,3,4,0,0,0,1,0,0,481,337,23,15,67,70,390,252
96,13,16,57.7,42.3,85,81,12,17,7,9,15,15,11,0,11,9,1,2,6.58,6.54,Inter,Sassuolo,0,0,0,0,19:30,"Jmos, 19-Jan-19",4.0,9.0,Won (17%),Drew (0%),Won (83%),13,16,9,15,4,1,0,0,0,0,0,0,565,413,32,8,43,48,488,356
97,21,11,43.3,56.7,84,86,9,5,24,18,12,12,5,5,8,7,5,3,6.66,6.65,Roma,Cagliari,2,0,3,0,17:00,"Jmos, 27-Apr-19",9.0,5.0,Won (67%),Drew (33%),Won (0%),21,11,15,6,5,4,1,1,0,0,0,0,448,584,16,26,59,59,372,498
98,13,7,57.5,42.5,74,64,5,7,34,20,18,19,11,1,10,11,1,4,7.64,6.76,Atalanta,Torino,0,0,0,0,20:00,"Jtan, 26-Sep-18",7.0,7.0,Won (33%),Drew (33%),Won (33%),13,7,9,5,4,2,0,0,0,0,0,0,513,378,36,10,77,74,400,294
99,5,23,27.2,72.8,62,88,6,6,19,22,15,14,1,6,8,11,3,1,6.52,6.83,Genoa,SPAL 2013,1,1,1,1,17:00,"Jpl, 09-Des-18",1.0,2.0,Won (0%),Drew (50%),Won (50%),5,23,2,15,0,8,2,0,1,0,0,0,248,656,12,37,67,31,169,588
100,14,8,63.3,36.7,89,79,6,5,8,21,16,19,9,1,10,9,3,4,6.7,6.26,SPAL 2013,Frosinone,0,1,0,3,14:00,"Jpl, 28-Okt-18",1.0,4.0,Won (0%),Drew (0%),Won (100%),14,8,12,7,2,1,0,0,0,0,0,0,588,343,46,9,30,57,512,276
101,6,7,51.6,48.4,85,81,11,6,7,13,16,17,3,5,8,13,2,2,6.81,6.76,Sassuolo,SPAL 2013,1,0,1,1,14:00,"Jpl, 24-Feb-19",4.0,1.0,Won (67%),Drew (33%),Won (0%),6,7,4,3,2,3,0,0,0,1,0,0,505,471,11,16,53,54,439,401
102,14,20,39.1,60.9,81,90,10,12,13,6,18,9,4,7,8,13,6,4,6.92,6.74,Roma,Napoli,1,1,1,4,14:00,"Jpl, 31-Mac-19",10.0,7.0,Won (50%),Drew (17%),Won (33%),14,20,11,14,2,5,0,1,1,0,0,0,409,638,19,14,47,53,343,570
103,10,11,45.5,54.5,82,82,9,1,14,20,16,21,1,4,15,13,2,1,6.71,6.61,Sampdoria,Bologna,3,1,4,1,19:30,"Jmos, 01-Des-18",8.0,9.0,Won (50%),Drew (0%),Won (50%),10,11,10,9,0,2,0,0,0,0,0,0,465,554,9,29,66,79,389,446
104,16,6,53.4,46.6,90,84,12,4,10,19,17,15,5,4,9,12,3,3,6.88,6.49,Juventus,Cagliari,2,1,3,1,19:30,"Jmos, 03-Nov-18",14.0,2.0,Won (83%),Drew (17%),Won (0%),17,6,12,6,3,0,1,0,0,0,1,0,581,504,30,23,72,47,479,434
105,14,21,35.0,65.0,75,88,5,7,19,13,17,15,6,5,9,10,4,3,6.36,6.54,Frosinone,Sassuolo,0,1,0,2,14:00,"Jpl, 16-Des-18",7.0,15.0,Won (0%),Drew (17%),Won (83%),14,22,7,17,7,3,0,1,0,0,0,1,317,585,26,22,55,49,236,510
106,24,4,51.2,48.8,74,70,15,5,35,31,12,15,11,3,11,9,4,2,6.49,6.62,Genoa,Cagliari,0,1,1,1,17:00,"Jmos, 18-Mei-19",11.0,9.0,Won (67%),Drew (0%),Won (33%),24,4,17,3,6,1,0,0,1,0,0,0,405,384,37,9,62,76,304,298
107,18,6,65.0,35.0,88,77,12,7,7,19,15,13,12,3,8,6,4,2,6.86,6.47,Inter,Lazio,0,1,0,1,19:30,"Jpl, 31-Mac-19",11.0,6.0,Won (50%),Drew (17%),Won (33%),18,6,8,5,6,1,4,0,0,0,0,0,674,364,45,10,54,54,574,300
108,16,7,54.8,45.2,82,76,8,6,21,22,15,7,9,4,3,14,2,2,6.76,6.56,Cagliari,SPAL 2013,1,1,2,1,14:00,"Jpl, 07-Apr-19",11.0,3.0,Won (75%),Drew (25%),Won (0%),16,7,11,3,4,3,1,0,0,1,0,0,518,429,29,19,61,67,428,343
109,18,11,48.8,51.2,82,84,6,12,16,17,14,15,4,2,11,6,2,3,6.62,6.58,Cagliari,Lazio,0,1,1,2,17:00,"Jmos, 11-Mei-19",5.0,15.0,Won (0%),Drew (33%),Won (67%),18,11,14,9,4,1,0,1,0,0,0,0,512,538,30,11,60,70,422,456
110,21,14,45.7,54.3,82,87,5,6,20,22,14,13,3,4,4,10,4,2,6.7,6.12,Bologna,Udinese,1,1,2,1,11:30,"Jpl, 30-Sep-18",7.0,6.0,Won (33%),Drew (0%),Won (67%),21,14,16,11,5,2,0,1,0,0,0,0,397,472,16,14,54,66,327,391
111,20,11,47.8,52.2,88,87,11,12,7,12,13,6,0,7,3,9,4,1,6.59,6.29,Napoli,Empoli,2,0,5,1,19:30,"Ijm, 02-Nov-18",16.0,11.0,Won (50%),Drew (33%),Won (17%),20,11,19,8,0,3,1,0,0,0,0,0,571,626,4,27,62,54,503,542
112,15,14,37.5,62.5,81,89,7,8,10,9,19,18,8,2,12,7,1,4,6.43,6.78,Empoli,Napoli,1,1,2,1,18:00,"Jtan, 03-Apr-19",10.0,19.0,Won (17%),Drew (17%),Won (67%),15,14,11,14,4,0,0,0,0,0,0,0,411,686,21,28,60,39,328,619
113,18,8,46.0,54.0,68,72,14,7,21,13,21,19,6,3,12,10,2,2,6.86,6.74,Torino,Sampdoria,2,0,2,1,20:00,"Jtan, 03-Apr-19",10.0,9.0,Won (17%),Drew (67%),Won (17%),18,8,10,7,8,1,0,0,0,0,0,0,335,392,17,9,72,65,246,318
114,29,14,58.7,41.3,89,82,17,8,14,13,13,16,13,8,7,7,1,3,6.89,6.74,Roma,Parma Calcio 1913,1,0,2,1,19:30,"Jpl, 26-Mei-19",2.0,0.0,Won (100%),Drew (0%),Won (0%),30,14,20,13,8,1,1,0,0,0,1,0,570,402,33,12,36,48,501,341
115,6,27,27.5,72.5,76,91,5,11,11,22,23,11,0,8,7,14,0,3,,6.83,Chievo,Juventus,1,1,2,3,17:00,"Jmos, 18-Ago-18",2.0,14.0,Won (0%),Drew (17%),Won (83%),6,28,5,19,0,8,0,0,1,0,0,1,272,718,9,34,58,74,205,608
116,16,14,58.9,41.1,88,81,8,11,11,16,9,22,2,6,12,6,1,3,6.64,6.82,Sassuolo,Lazio,1,1,1,1,17:00,"Jpl, 11-Nov-18",7.0,14.0,Won (33%),Drew (0%),Won (67%),16,14,12,12,4,2,0,0,0,0,0,0,574,401,17,18,49,41,507,341
117,10,16,48.7,51.3,81,79,10,14,22,27,16,15,3,5,9,9,2,6,6.67,6.9,SPAL 2013,Roma,1,0,2,1,17:00,"Jmos, 16-Mac-19",3.0,6.0,Won (33%),Drew (0%),Won (67%),10,16,7,15,2,0,0,0,1,1,0,0,438,464,23,22,57,65,357,376
118,13,16,49.8,50.2,77,77,6,6,16,18,20,25,6,3,13,6,1,0,7.08,,Inter,Fiorentina,1,0,2,1,20:00,"Jnne, 25-Sep-18",14.0,14.0,Won (33%),Drew (17%),Won (50%),13,17,9,13,3,2,0,1,1,0,0,1,434,438,34,17,56,71,344,349
119,22,9,56.9,43.1,87,85,4,8,8,6,19,16,10,3,11,9,4,1,6.76,6.64,Napoli,Fiorentina,0,0,1,0,17:00,"Jmos, 15-Sep-18",9.0,8.0,Won (33%),Drew (50%),Won (17%),22,9,15,9,7,0,0,0,0,0,0,0,583,446,19,9,61,53,502,384
120,18,7,57.4,42.6,83,76,5,13,20,19,31,16,7,5,13,23,1,3,7.16,6.5,AC Milan,Udinese,1,0,1,1,18:00,"Jnne, 02-Apr-19",6.0,6.0,Won (33%),Drew (33%),Won (33%),18,7,13,4,5,2,0,1,0,0,0,0,521,387,35,9,57,65,429,311
121,6,3,62.1,37.9,88,76,8,3,12,17,4,14,4,1,9,4,1,5,6.43,6.23,Fiorentina,Genoa,0,0,0,0,19:30,"Jpl, 26-Mei-19",6.0,6.0,Won (17%),Drew (67%),Won (17%),6,3,4,2,2,1,0,0,0,0,0,0,595,364,19,7,49,79,527,278
122,18,15,39.2,60.8,73,85,12,12,14,23,22,16,7,3,11,10,4,2,6.51,7.03,Empoli,Torino,1,0,4,1,14:00,"Jpl, 19-Mei-19",5.0,5.0,Won (50%),Drew (33%),Won (17%),18,15,15,13,1,2,2,0,0,0,0,0,337,521,10,24,52,50,274,446
123,18,13,39.1,60.9,79,86,9,16,11,5,24,17,5,6,4,21,1,8,6.99,6.92,Genoa,AC Milan,0,0,0,2,14:00,"Jtat, 21-Jan-19",5.0,6.0,Won (17%),Drew (17%),Won (67%),18,13,13,9,5,3,0,1,0,0,0,0,344,535,21,22,49,63,273,448
124,12,13,54.8,45.2,81,75,7,3,24,23,19,14,5,6,10,12,5,3,6.68,6.55,Cagliari,Frosinone,1,0,1,0,14:00,"Jmos, 20-Apr-19",2.0,3.0,Won (0%),Drew (50%),Won (50%),12,13,10,12,1,1,0,0,1,0,0,0,507,422,25,33,72,72,410,317
125,12,13,36.2,63.8,66,81,14,9,26,19,19,19,4,8,10,12,2,4,6.32,6.34,Genoa,Udinese,1,0,2,2,14:00,"Jpl, 28-Okt-18",4.0,8.0,Won (17%),Drew (33%),Won (50%),12,13,8,10,3,3,0,0,1,0,0,0,289,510,17,20,58,64,212,425
126,13,22,43.1,56.9,71,77,13,9,31,29,14,25,6,4,15,9,5,2,6.5,6.38,Udinese,Chievo,0,0,1,0,14:00,"Jpl, 17-Feb-19",5.0,5.0,Won (17%),Drew (50%),Won (33%),13,22,8,16,4,6,0,0,1,0,0,0,367,484,20,32,72,74,275,378
127,22,11,63.7,36.3,87,76,13,3,9,12,14,16,11,2,12,11,7,2,7.01,6.72,AC Milan,SPAL 2013,1,1,2,1,19:30,"Jmos, 29-Des-18",6.0,0.0,Won (100%),Drew (0%),Won (0%),22,11,18,8,4,3,0,0,0,0,0,0,627,357,27,7,59,52,541,298
128,10,23,52.9,47.1,78,78,5,8,13,15,15,15,3,10,12,9,1,3,6.78,6.67,SPAL 2013,Fiorentina,1,1,1,4,11:30,"Jpl, 17-Feb-19",1.0,4.0,Won (0%),Drew (67%),Won (33%),10,23,6,10,4,11,0,1,0,1,0,0,406,362,19,22,51,38,335,302
129,18,8,41.0,59.0,72,82,8,6,20,19,9,14,7,6,8,4,1,3,6.65,6.75,Genoa,Sampdoria,1,1,1,1,19:30,"Jpl, 25-Nov-18",6.0,8.0,Won (17%),Drew (17%),Won (67%),18,8,10,6,7,2,0,0,1,0,0,0,362,517,36,14,75,57,251,446
130,15,12,49.3,50.7,75,77,3,7,38,24,17,10,4,4,9,13,3,1,6.91,6.18,Cagliari,Genoa,1,0,1,0,14:00,"Jtan, 26-Des-18",9.0,12.0,Won (17%),Drew (17%),Won (67%),15,12,12,12,3,0,0,0,0,0,0,0,434,447,12,27,89,83,332,337
131,13,18,30.5,69.5,75,86,4,15,18,10,20,12,3,6,7,8,1,1,6.65,6.44,Genoa,Empoli,2,0,2,1,19:30,"Jpl, 26-Ago-18",5.0,3.0,Won (50%),Drew (33%),Won (17%),13,18,7,14,6,4,0,0,0,0,0,0,279,640,15,16,54,50,209,573
132,10,9,55.0,45.0,83,81,3,14,16,15,18,18,8,4,8,10,3,1,6.86,7.32,Inter,Atalanta,0,0,0,0,17:00,"Jpl, 07-Apr-19",12.0,8.0,Won (33%),Drew (33%),Won (33%),10,9,7,8,3,1,0,0,0,0,0,0,548,447,31,16,84,51,430,380
133,15,16,62.1,37.9,86,78,18,7,12,17,15,22,5,8,11,10,4,2,6.82,6.82,Juventus,Atalanta,0,1,1,1,19:30,"Jpl, 19-Mei-19",8.0,7.0,Won (50%),Drew (33%),Won (17%),15,16,10,8,5,8,0,0,0,0,0,0,607,369,27,11,70,57,506,301
134,15,5,76.9,23.1,92,71,8,3,14,19,11,17,3,0,13,7,5,4,6.61,6.7,Juventus,Bologna,2,0,2,0,20:00,"Jtan, 26-Sep-18",14.0,3.0,Won (83%),Drew (17%),Won (0%),15,5,12,4,3,1,0,0,0,0,0,0,854,256,19,7,74,47,760,202
135,17,6,58.0,42.0,86,80,6,6,15,13,11,14,4,4,12,6,2,3,7.39,6.4,Atalanta,Frosinone,1,0,4,0,19:30,"Jtat, 20-Ago-18",3.0,0.0,Won (50%),Drew (50%),Won (0%),17,6,15,5,2,1,0,0,0,0,0,0,594,429,14,17,54,63,524,348
136,15,8,43.2,56.8,87,86,3,4,13,3,18,20,5,4,11,9,4,2,6.86,6.5,Juventus,Empoli,0,0,1,0,17:00,"Jmos, 30-Mac-19",13.0,2.0,Won (100%),Drew (0%),Won (0%),15,8,12,6,3,2,0,0,0,0,0,0,440,576,24,19,41,63,373,493
137,18,12,49.8,50.2,83,86,9,7,10,10,13,16,10,8,8,10,4,2,6.8,6.94,Juventus,Inter,0,0,1,0,19:30,"Ijm, 07-Des-18",7.0,7.0,Won (67%),Drew (17%),Won (17%),18,12,12,10,6,2,0,0,0,0,0,0,488,490,31,25,62,50,394,414
138,15,13,44.6,55.4,75,75,10,5,27,34,14,17,6,6,9,10,2,2,7.03,6.72,Torino,Cagliari,0,0,1,1,11:30,"Jpl, 14-Apr-19",15.0,5.0,Won (67%),Drew (33%),Won (0%),15,13,6,7,9,5,0,1,0,0,0,0,344,426,26,19,63,69,254,338
139,12,21,38.9,61.1,72,81,10,10,23,13,19,14,3,5,8,12,3,1,6.6,6.49,Udinese,Genoa,1,0,2,0,14:00,"Jmos, 30-Mac-19",9.0,5.0,Won (50%),Drew (33%),Won (17%),12,21,9,15,1,6,2,0,0,0,0,0,325,509,7,36,67,53,251,420
140,16,13,57.6,42.4,84,77,4,5,21,21,17,33,11,3,21,10,6,0,6.91,,AC Milan,Torino,0,0,0,0,19:30,"Jpl, 09-Des-18",9.0,6.0,Won (50%),Drew (50%),Won (0%),16,13,9,9,6,4,1,0,0,0,0,0,500,367,33,11,53,62,414,294
141,22,5,58.0,42.0,84,79,9,8,18,16,13,17,11,1,11,4,2,2,6.47,6.54,Lazio,Sassuolo,0,0,2,2,17:00,"Jpl, 07-Apr-19",14.0,6.0,Won (67%),Drew (17%),Won (17%),22,5,14,4,7,0,0,1,1,0,0,0,547,392,35,7,49,62,461,321
142,5,15,40.7,59.3,85,88,7,10,11,7,16,14,2,5,8,3,10,5,6.86,6.84,AC Milan,Juventus,0,1,0,2,19:30,"Jpl, 11-Nov-18",4.0,14.0,Won (17%),Drew (0%),Won (83%),5,15,4,12,0,2,0,1,1,0,0,0,426,621,16,26,39,57,371,538
143,23,8,64.0,36.0,90,76,6,10,17,16,17,21,9,2,12,12,1,3,7.02,6.7,Atalanta,Roma,1,3,3,3,14:00,"Jpl, 27-Jan-19",11.0,10.0,Won (33%),Drew (50%),Won (17%),23,8,17,4,4,1,1,3,1,0,0,0,642,359,33,4,39,59,566,292
144,28,12,52.9,47.1,88,82,8,11,11,8,30,11,8,2,7,18,2,3,6.96,6.6,Inter,Empoli,0,0,2,1,19:30,"Jpl, 26-Mei-19",12.0,4.0,Won (100%),Drew (0%),Won (0%),28,12,20,10,3,2,4,0,1,0,0,0,498,442,28,13,44,44,425,380
145,15,16,50.4,49.6,79,76,13,12,24,10,23,19,5,10,13,14,4,3,6.86,6.76,AC Milan,Bologna,1,0,2,1,19:30,"Jtat, 06-Mei-19",9.0,2.0,Won (83%),Drew (17%),Won (0%),15,16,10,12,4,3,1,1,0,0,0,0,418,413,11,14,66,54,341,344
146,16,15,48.5,51.5,80,80,3,21,15,23,20,14,7,7,10,6,2,4,6.38,6.66,Chievo,Roma,0,2,0,3,19:30,"Ijm, 08-Feb-19",7.0,17.0,Won (0%),Drew (33%),Won (67%),16,15,11,9,5,4,0,2,0,0,0,0,490,520,22,17,62,68,405,435
147,14,15,46.4,53.6,85,89,7,4,11,8,16,14,6,8,9,11,4,2,6.99,6.84,AC Milan,Napoli,0,0,0,0,19:30,"Jmos, 26-Jan-19",7.0,12.0,Won (0%),Drew (33%),Won (67%),14,15,10,13,4,1,0,1,0,0,0,0,510,591,15,28,50,50,444,513
148,16,6,64.6,35.4,85,73,10,6,23,17,15,18,5,1,11,10,1,0,6.98,,Torino,Empoli,1,0,3,0,17:00,"Jtan, 26-Des-18",2.0,5.0,Won (0%),Drew (50%),Won (50%),16,6,11,5,5,1,0,0,0,0,0,0,619,337,21,4,42,58,555,275
149,15,11,45.3,54.7,88,90,5,10,8,13,18,9,6,3,4,16,4,1,6.86,6.81,Juventus,SPAL 2013,1,0,2,0,17:00,"Jmos, 24-Nov-18",4.0,1.0,Won (50%),Drew (50%),Won (0%),15,11,10,7,4,4,1,0,0,0,0,0,468,561,16,13,41,41,411,507
150,10,24,42.8,57.2,77,85,13,6,9,21,9,17,4,5,14,8,3,0,6.29,,Frosinone,Fiorentina,0,0,1,1,19:30,"Ijm, 09-Nov-18",1.0,4.0,Won (0%),Drew (50%),Won (50%),10,24,9,16,1,5,0,3,0,0,0,0,414,553,23,18,53,54,338,480
151,13,7,36.4,63.6,77,88,8,7,11,12,13,14,3,3,10,11,1,7,6.89,6.87,Roma,Juventus,0,0,2,0,19:30,"Jpl, 12-Mei-19",4.0,5.0,Won (17%),Drew (17%),Won (67%),13,7,10,4,1,1,2,2,0,0,0,0,388,682,20,8,57,54,310,615
152,20,3,72.1,27.9,86,62,16,7,21,17,15,15,7,3,10,13,2,5,6.54,6.69,Sassuolo,Parma Calcio 1913,0,0,0,0,14:00,"Jpl, 14-Apr-19",2.0,4.0,Won (0%),Drew (0%),Won (100%),20,3,12,1,8,1,0,0,0,1,0,0,690,273,28,11,49,75,612,187
153,10,20,42.7,57.3,84,90,6,11,8,11,14,16,6,10,7,12,0,3,,7.02,Empoli,Juventus,1,0,1,2,17:00,"Jmos, 27-Okt-18",1.0,13.0,Won (0%),Drew (0%),Won (100%),10,20,8,11,2,8,0,0,0,1,0,0,435,584,21,33,48,63,366,488
154,11,8,52.1,47.9,79,74,4,14,23,23,17,16,2,4,10,11,3,4,6.32,6.69,Chievo,Parma Calcio 1913,0,1,1,1,14:00,"Jpl, 28-Apr-19",1.0,1.0,Won (0%),Drew (100%),Won (0%),11,8,9,6,2,2,0,0,0,0,0,0,491,450,22,12,68,95,400,343
155,11,10,58.5,41.5,79,74,5,3,24,30,10,15,11,6,12,7,2,0,6.76,,SPAL 2013,Torino,0,0,0,0,11:30,"Jpl, 03-Feb-19",3.0,5.0,Won (0%),Drew (33%),Won (67%),11,10,4,5,7,5,0,0,0,0,0,0,432,308,41,18,57,63,334,227
156,23,5,54.3,45.7,86,78,7,3,16,11,12,14,6,5,11,4,2,3,6.59,6.56,Lazio,Parma Calcio 1913,4,0,4,1,14:00,"Jpl, 17-Mac-19",2.0,0.0,Won (100%),Drew (0%),Won (0%),23,5,20,2,2,3,0,0,1,0,0,0,519,438,14,17,53,62,451,358
157,24,11,58.1,41.9,76,74,3,6,31,18,12,8,12,3,5,7,3,3,6.85,6.65,Cagliari,Udinese,1,0,1,2,19:30,"Jpl, 26-Mei-19",10.0,9.0,Won (67%),Drew (0%),Won (33%),24,11,10,8,14,3,0,0,0,0,0,0,472,343,35,12,64,60,373,271
158,16,9,55.3,44.7,83,82,8,7,13,15,20,14,6,2,11,11,2,3,6.68,6.49,Juventus,Lazio,1,0,2,0,17:00,"Jmos, 25-Ago-18",9.0,5.0,Won (67%),Drew (0%),Won (33%),16,9,12,9,4,0,0,0,0,0,0,0,563,457,26,15,62,50,475,390
159,9,17,44.9,55.1,78,82,1,7,21,21,16,11,3,5,5,10,1,8,6.81,6.86,Cagliari,Juventus,0,1,0,2,20:00,"Jnne, 02-Apr-19",2.0,14.0,Won (0%),Drew (17%),Won (83%),9,17,5,14,4,3,0,0,0,0,0,0,431,530,13,23,58,69,360,434
160,15,14,74.4,25.6,87,71,8,5,13,24,13,18,9,5,12,9,2,2,6.68,6.55,Sassuolo,Bologna,1,1,2,2,11:30,"Jpl, 28-Okt-18",3.0,7.0,Won (17%),Drew (17%),Won (67%),15,14,11,6,3,8,0,0,1,0,0,0,640,220,30,11,69,49,541,160
161,13,11,52.0,48.0,84,81,15,12,17,19,15,25,4,7,13,8,0,4,,6.49,Fiorentina,Lazio,0,1,1,1,19:30,"Jpl, 10-Mac-19",8.0,12.0,Won (17%),Drew (17%),Won (67%),13,11,11,10,2,1,0,0,0,0,0,0,505,467,20,20,50,51,434,392
162,14,7,59.7,40.3,86,79,10,17,13,14,24,29,5,2,15,14,0,3,,7.04,Atalanta,AC Milan,1,1,1,3,19:30,"Jmos, 16-Feb-19",8.0,5.0,Won (33%),Drew (67%),Won (0%),14,7,12,6,2,1,0,0,0,0,0,0,618,420,18,10,31,62,568,346
163,16,8,61.7,38.3,82,72,11,10,22,40,26,14,6,7,5,16,3,3,6.82,6.63,Inter,Bologna,0,1,0,1,17:00,"Jpl, 03-Feb-19",11.0,5.0,Won (67%),Drew (33%),Won (0%),16,8,12,6,4,2,0,0,0,0,0,0,575,362,42,17,58,67,473,278
164,16,9,58.9,41.1,76,69,3,10,34,30,17,17,1,4,12,10,6,3,6.54,6.74,Cagliari,Parma Calcio 1913,0,1,2,1,17:00,"Jmos, 16-Feb-19",0.0,2.0,Won (0%),Drew (0%),Won (100%),16,9,13,6,3,3,0,0,0,0,0,0,504,356,27,15,77,71,399,269
165,7,14,30.8,69.2,78,90,4,9,14,13,15,10,3,7,8,10,2,2,6.6,6.7,Chievo,Napoli,0,1,1,3,17:00,"Jpl, 14-Apr-19",3.0,8.0,Won (0%),Drew (50%),Won (50%),7,14,5,9,2,4,0,1,0,0,0,0,359,804,13,16,64,59,282,729
166,15,5,55.0,45.0,82,78,4,8,17,16,12,18,4,7,10,10,4,2,6.89,6.88,Inter,SPAL 2013,0,0,2,0,14:00,"Jpl, 10-Mac-19",5.0,2.0,Won (67%),Drew (33%),Won (0%),15,5,10,4,5,1,0,0,0,0,0,0,464,379,23,23,53,43,388,313
167,16,15,55.1,44.9,80,74,3,8,26,17,16,17,6,4,8,11,4,1,7.07,7.15,Roma,Genoa,2,2,3,2,19:30,"Jpl, 16-Des-18",12.0,6.0,Won (83%),Drew (17%),Won (0%),16,15,10,10,5,3,1,2,0,0,0,0,500,417,21,15,72,81,407,317
168,8,21,27.6,72.4,73,91,7,8,23,10,13,17,2,9,9,8,4,1,6.63,7.08,Udinese,Inter,0,0,0,0,19:30,"Jmos, 04-Mei-19",7.0,16.0,Won (17%),Drew (0%),Won (83%),8,21,5,12,2,9,1,0,0,0,0,0,266,693,8,33,54,58,204,602
169,21,9,55.2,44.8,75,69,9,7,30,17,23,24,4,5,18,12,1,0,6.32,,Torino,Fiorentina,1,1,1,1,19:30,"Jmos, 27-Okt-18",8.0,11.0,Won (33%),Drew (17%),Won (50%),22,9,13,6,8,3,0,0,0,0,1,0,402,326,27,10,61,68,313,246
170,14,13,51.5,48.5,87,84,7,5,18,12,15,13,10,9,5,11,2,1,7.02,7.08,SPAL 2013,Inter,0,1,1,2,19:30,"Jpl, 07-Okt-18",1.0,3.0,Won (0%),Drew (50%),Won (50%),14,13,9,9,4,4,0,0,1,0,0,0,468,443,29,25,43,56,396,361
171,14,10,55.5,44.5,84,79,18,9,16,6,18,20,12,6,14,11,1,4,7.39,6.66,Atalanta,Napoli,0,1,1,2,19:30,"Jtat, 03-Des-18",7.0,7.0,Won (50%),Drew (0%),Won (50%),14,10,10,8,4,1,0,1,0,0,0,0,620,502,31,7,51,77,538,414
172,17,12,62.1,37.9,83,70,10,7,21,20,16,13,2,4,10,12,3,5,6.74,6.47,Torino,Frosinone,1,0,3,2,19:30,"Ijm, 05-Okt-18",12.0,9.0,Won (50%),Drew (17%),Won (33%),17,12,12,6,4,5,1,1,0,0,0,0,518,316,11,21,63,53,444,242
173,16,24,55.2,44.8,77,77,3,8,21,24,13,18,7,5,10,8,2,4,7.06,7.07,Cagliari,Roma,0,2,2,2,17:00,"Jmos, 08-Des-18",3.0,9.0,Won (0%),Drew (17%),Won (83%),16,24,10,16,6,8,0,0,0,0,0,0,507,413,30,25,73,64,398,324
174,7,20,40.0,60.0,76,86,5,15,10,26,15,15,6,8,6,13,3,0,6.4,,Frosinone,Empoli,1,1,3,3,11:30,"Jpl, 21-Okt-18",12.0,13.0,Won (33%),Drew (17%),Won (50%),8,20,3,12,3,7,0,1,1,0,1,0,328,494,20,22,54,37,253,435
175,27,8,61.7,38.3,84,77,10,9,16,13,22,8,8,2,6,11,6,0,6.52,,Udinese,Parma Calcio 1913,0,1,1,2,17:00,"Jmos, 19-Jan-19",2.0,2.0,Won (0%),Drew (100%),Won (0%),27,8,25,4,2,2,0,1,0,1,0,0,550,341,32,8,49,66,468,266
176,9,21,40.2,59.8,85,89,3,6,16,12,12,20,4,8,15,8,2,4,6.12,6.68,Udinese,Juventus,0,2,0,2,17:00,"Jmos, 06-Okt-18",5.0,15.0,Won (17%),Drew (17%),Won (67%),9,21,7,18,2,3,0,0,0,0,0,0,441,657,13,27,39,73,389,556
177,15,13,41.2,58.8,78,83,4,2,16,11,20,8,7,2,4,15,2,1,6.64,6.74,Cagliari,Sassuolo,1,0,2,2,19:30,"Jpl, 26-Ago-18",9.0,11.0,Won (50%),Drew (17%),Won (33%),15,13,7,9,8,3,0,0,0,1,0,0,374,533,26,16,53,57,295,458
178,15,20,33.7,66.3,73,89,5,17,9,14,17,11,2,6,6,8,3,3,6.62,6.67,Frosinone,Napoli,0,1,0,2,11:30,"Jpl, 28-Apr-19",4.0,19.0,Won (0%),Drew (17%),Won (83%),15,20,13,14,2,5,0,1,0,0,0,0,336,657,17,16,67,73,252,568
179,18,10,59.9,40.1,81,70,9,1,21,24,14,25,3,5,20,12,3,5,6.75,6.51,Sampdoria,Cagliari,0,0,1,0,11:30,"Jpl, 24-Feb-19",11.0,6.0,Won (33%),Drew (50%),Won (17%),18,10,16,8,1,2,0,0,1,0,0,0,586,392,24,15,66,78,494,295
180,6,14,33.4,66.6,74,86,4,7,18,20,20,20,3,7,12,14,1,3,6.22,6.8,Udinese,Torino,1,0,1,1,14:00,"Jpl, 16-Sep-18",8.0,14.0,Won (17%),Drew (33%),Won (50%),6,14,2,11,3,3,1,0,0,0,0,0,286,571,10,39,47,57,227,475
181,14,22,43.6,56.4,82,86,5,5,12,19,18,13,3,12,6,13,3,3,6.86,6.95,Napoli,Inter,1,0,4,1,19:30,"Jpl, 19-Mei-19",4.0,3.0,Won (33%),Drew (33%),Won (33%),14,22,14,11,0,8,0,2,0,1,0,0,488,629,13,28,55,41,418,560
182,8,14,23.3,76.7,75,93,9,10,8,11,14,11,1,6,6,8,2,3,6.82,6.86,Genoa,Inter,0,2,0,4,20:00,"Jtan, 03-Apr-19",4.0,8.0,Won (50%),Drew (0%),Won (50%),8,14,6,10,2,3,0,0,0,1,0,0,275,905,12,14,57,67,206,820
183,17,16,44.1,55.9,81,81,13,3,24,14,11,17,8,9,7,10,2,2,6.89,6.47,Roma,Lazio,1,0,3,1,14:00,"Jmos, 29-Sep-18",8.0,8.0,Won (50%),Drew (17%),Won (33%),17,16,7,12,9,4,1,0,0,0,0,0,360,462,17,23,52,57,289,382
184,20,7,50.5,49.5,83,82,8,2,18,13,23,18,13,2,13,12,3,4,6.78,7.07,Juventus,Roma,1,0,1,0,19:30,"Jmos, 22-Des-18",5.0,4.0,Won (67%),Drew (17%),Won (17%),20,7,11,5,9,2,0,0,0,0,0,0,473,463,29,24,66,40,377,399
185,12,21,54.5,45.5,83,79,5,3,10,21,5,15,4,7,13,1,3,2,6.42,6.52,Empoli,Lazio,0,0,0,1,17:00,"Jpl, 16-Sep-18",4.0,11.0,Won (33%),Drew (0%),Won (67%),12,21,10,15,2,5,0,1,0,0,0,0,579,484,15,15,56,64,508,405
186,10,16,47.7,52.3,85,84,11,2,8,14,10,17,4,6,12,5,3,4,6.78,6.76,Torino,Napoli,0,2,1,3,11:30,"Jpl, 23-Sep-18",8.0,19.0,Won (0%),Drew (17%),Won (83%),10,16,8,9,1,3,0,4,1,0,0,0,456,499,15,13,60,75,380,410
187,17,9,56.7,43.3,85,80,18,4,11,10,4,13,5,4,5,4,1,4,6.45,6.48,Sassuolo,Chievo,2,0,4,0,18:00,"Alh, 04-Apr-19",6.0,7.0,Won (17%),Drew (50%),Won (33%),17,9,7,4,8,3,2,1,0,1,0,0,526,403,12,12,48,57,464,333
188,14,12,56.5,43.5,84,75,7,14,34,14,20,14,4,7,11,15,3,4,6.51,6.69,Cagliari,Empoli,1,0,2,2,17:00,"Jpl, 20-Jan-19",10.0,7.0,Won (50%),Drew (17%),Won (33%),14,12,13,10,1,2,0,0,0,0,0,0,566,432,29,21,66,76,471,335
189,16,13,42.9,57.1,75,84,11,6,17,16,22,18,4,4,9,20,3,2,6.6,7.1,SPAL 2013,Atalanta,0,0,2,0,19:30,"Jtat, 17-Sep-18",2.0,2.0,Won (0%),Drew (100%),Won (0%),16,13,11,9,5,4,0,0,0,0,0,0,357,475,14,17,64,49,279,409
190,3,24,46.8,53.2,82,85,6,10,12,12,21,26,3,10,12,21,3,3,6.53,6.56,Empoli,AC Milan,0,1,1,1,20:00,"Alh, 27-Sep-18",9.0,12.0,Won (17%),Drew (50%),Won (33%),3,25,2,18,0,6,0,0,1,0,0,1,475,534,11,30,56,61,406,443
191,20,13,68.2,31.8,91,83,4,4,22,8,22,10,12,7,8,18,3,5,,6.5,AC Milan,Chievo,2,0,3,1,14:00,"Jpl, 07-Okt-18",14.0,5.0,Won (83%),Drew (17%),Won (0%),20,13,16,11,4,2,0,0,0,0,0,0,776,361,21,24,64,58,685,279
192,15,9,46.1,53.9,77,82,4,9,12,19,21,19,6,5,14,16,3,2,6.46,7.02,Sampdoria,SPAL 2013,1,1,2,1,19:30,"Jtat, 01-Okt-18",3.0,3.0,Won (50%),Drew (0%),Won (50%),15,9,14,7,1,2,0,0,0,0,0,0,410,474,11,27,53,58,345,389
193,17,15,55.6,44.4,85,83,6,8,10,11,21,16,4,3,12,11,4,1,6.44,7.64,AC Milan,Atalanta,1,0,2,2,17:00,"Jpl, 23-Sep-18",3.0,6.0,Won (0%),Drew (67%),Won (33%),17,15,12,10,4,5,1,0,0,0,0,0,576,458,19,18,70,45,486,395
194,22,8,67.0,33.0,92,81,6,13,8,11,13,15,9,3,7,9,2,4,6.52,6.3,Napoli,Frosinone,2,0,4,0,14:00,"Jmos, 08-Des-18",16.0,5.0,Won (67%),Drew (33%),Won (0%),22,8,16,4,6,4,0,0,0,0,0,0,771,379,21,13,35,56,713,310
195,13,19,36.6,63.4,78,85,9,9,10,14,18,15,8,6,11,12,3,2,6.53,6.9,Udinese,SPAL 2013,3,0,3,2,14:00,"Jmos, 18-Mei-19",3.0,5.0,Won (0%),Drew (50%),Won (50%),13,19,8,13,4,6,1,0,0,0,0,0,276,476,23,37,45,41,208,398
196,10,5,54.5,45.5,84,82,9,6,13,14,13,9,5,3,3,8,4,2,7.03,6.28,Roma,Empoli,2,1,2,1,19:30,"Jtat, 11-Mac-19",11.0,3.0,Won (67%),Drew (33%),Won (0%),10,6,6,1,4,4,0,0,0,0,0,1,551,460,15,16,67,40,469,404
197,11,14,39.7,60.3,79,85,11,7,12,13,14,14,3,5,11,8,2,4,6.12,6.76,Udinese,Napoli,0,1,0,3,19:30,"Jmos, 20-Okt-18",6.0,12.0,Won (17%),Drew (0%),Won (83%),11,14,10,11,1,2,0,0,0,1,0,0,446,678,15,13,52,64,378,600
198,13,10,59.3,40.7,85,73,15,4,29,35,16,28,7,4,20,14,0,3,,6.35,Torino,Chievo,0,0,3,0,11:30,"Jpl, 03-Mac-19",8.0,5.0,Won (50%),Drew (33%),Won (17%),13,10,8,7,5,1,0,2,0,0,0,0,505,349,36,13,61,65,408,271
199,22,8,47.0,53.0,83,83,5,5,19,8,15,14,2,3,9,11,2,1,6.48,6.69,Fiorentina,Chievo,2,0,6,1,19:30,"Jpl, 26-Ago-18",7.0,2.0,Won (67%),Drew (17%),Won (17%),22,8,17,6,5,2,0,0,0,0,0,0,503,569,8,17,71,73,419,479
200,24,11,50.1,49.9,84,82,10,8,17,17,16,11,7,5,8,15,0,5,,6.82,Lazio,Cagliari,2,0,3,1,11:30,"Jmos, 22-Des-18",16.0,6.0,Won (67%),Drew (33%),Won (0%),24,11,15,9,8,1,1,0,0,1,0,0,564,560,19,16,55,45,490,497
201,34,6,67.9,32.1,85,68,7,11,19,6,16,24,9,2,15,13,0,3,,6.68,Fiorentina,Parma Calcio 1913,0,1,0,1,14:00,"Jtan, 26-Des-18",0.0,0.0,Won (0%),Drew (100%),Won (0%),34,6,28,2,6,4,0,0,0,0,0,0,545,261,36,6,40,58,469,197
202,22,5,68.8,31.2,85,60,8,3,18,18,14,13,8,1,8,8,2,2,6.62,6.57,Sassuolo,Frosinone,0,2,2,2,14:00,"Jpl, 05-Mei-19",14.0,7.0,Won (83%),Drew (17%),Won (0%),22,5,11,3,9,1,2,1,0,0,0,0,625,287,34,12,63,64,527,210
203,9,12,37.2,62.8,76,83,7,10,17,16,20,24,5,7,19,11,3,4,6.57,6.8,Chievo,Inter,0,1,1,1,17:00,"Jmos, 22-Des-18",4.0,12.0,Won (17%),Drew (0%),Won (83%),9,12,8,12,1,0,0,0,0,0,0,0,410,691,26,24,73,64,311,600
204,26,6,51.0,49.0,89,85,10,8,10,16,15,13,8,3,8,9,2,2,6.56,6.89,AC Milan,Roma,1,0,2,1,19:30,"Ijm, 31-Ago-18",5.0,11.0,Won (17%),Drew (17%),Won (67%),26,6,21,5,5,1,0,0,0,0,0,0,580,551,23,15,49,46,503,486
205,8,14,35.0,65.0,70,83,2,7,19,22,20,15,4,6,9,12,4,2,6.37,6.56,Genoa,Sassuolo,1,1,1,1,14:00,"Jpl, 03-Feb-19",5.0,8.0,Won (33%),Drew (17%),Won (50%),8,14,7,10,1,3,0,1,0,0,0,0,305,566,20,18,60,58,225,489
206,9,14,51.9,48.1,76,76,3,8,24,19,14,13,2,5,7,5,3,3,6.44,6.48,Udinese,Frosinone,1,0,1,1,14:00,"Jmos, 22-Des-18",4.0,4.0,Won (67%),Drew (0%),Won (33%),9,14,8,9,1,4,0,0,0,1,0,0,504,466,16,25,66,75,421,366
207,25,23,55.0,45.0,82,73,7,13,25,22,10,12,3,11,5,4,1,2,6.89,7.12,Roma,Atalanta,1,3,3,3,19:30,"Jtat, 27-Ago-18",7.0,10.0,Won (17%),Drew (33%),Won (50%),25,23,19,14,6,8,0,1,0,0,0,0,520,431,19,24,55,69,445,336
208,11,12,54.2,45.8,79,79,11,9,11,18,9,12,10,6,7,4,2,1,6.37,6.34,Empoli,Chievo,1,2,2,2,14:00,"Jmos, 02-Feb-19",5.0,8.0,Won (17%),Drew (50%),Won (33%),11,12,9,8,2,4,0,0,0,0,0,0,553,469,28,17,82,82,442,370
209,9,23,32.8,67.2,64,80,10,8,19,21,23,21,2,7,17,15,4,3,6.4,6.85,Genoa,Napoli,1,0,1,2,19:30,"Jmos, 10-Nov-18",3.0,9.0,Won (0%),Drew (33%),Won (67%),9,24,9,22,0,1,0,0,0,0,0,1,320,658,18,19,78,71,224,567
210,9,20,31.5,68.5,71,88,7,7,14,13,18,19,4,6,12,11,3,0,6.6,,Parma Calcio 1913,Atalanta,1,1,1,3,11:30,"Jpl, 31-Mac-19",0.0,3.0,Won (0%),Drew (0%),Won (100%),9,20,3,14,3,5,3,1,0,0,0,0,305,662,8,25,64,55,230,581
211,13,25,39.1,60.9,83,88,6,11,10,6,15,10,1,12,3,10,0,3,,6.67,SPAL 2013,Napoli,0,0,1,2,17:00,"Jpl, 12-Mei-19",2.0,6.0,Won (0%),Drew (20%),Won (80%),13,25,10,19,2,5,0,1,1,0,0,0,383,592,19,23,54,50,310,519
212,14,19,37.4,62.6,67,81,10,6,21,27,16,16,3,6,11,11,0,6,,6.73,Fiorentina,Roma,1,0,1,1,17:00,"Jmos, 03-Nov-18",7.0,14.0,Won (33%),Drew (0%),Won (67%),14,19,10,14,3,5,0,0,1,0,0,0,300,498,9,31,66,44,224,422
213,10,15,60.3,39.7,81,74,8,4,13,11,18,21,4,6,14,8,3,1,6.6,6.64,Sampdoria,Fiorentina,0,1,1,1,18:00,"Jtan, 19-Sep-18",11.0,9.0,Won (33%),Drew (50%),Won (17%),10,15,6,12,4,3,0,0,0,0,0,0,529,348,13,20,38,65,473,262
214,13,10,42.8,57.2,74,78,12,8,13,16,15,18,9,4,9,6,2,3,6.98,6.64,Bologna,Sassuolo,0,0,2,1,17:00,"Jpl, 31-Mac-19",9.0,4.0,Won (67%),Drew (33%),Won (0%),13,10,8,8,4,2,0,0,1,0,0,0,329,433,22,14,48,44,259,375
215,11,9,58.1,41.9,90,85,10,7,12,6,9,15,6,2,8,7,3,1,7.28,6.46,AC Milan,Empoli,0,0,3,0,19:30,"Ijm, 22-Feb-19",11.0,8.0,Won (33%),Drew (50%),Won (17%),11,9,11,8,0,1,0,0,0,0,0,0,646,462,17,17,43,47,584,398
216,14,8,47.4,52.6,75,75,10,5,15,18,10,19,9,6,8,9,2,2,6.74,6.83,Fiorentina,Inter,1,2,3,3,19:30,"Jpl, 24-Feb-19",11.0,15.0,Won (33%),Drew (17%),Won (50%),15,8,7,5,6,2,0,0,1,1,1,0,380,421,27,19,56,48,296,352
217,21,9,57.4,42.6,85,78,1,5,15,9,23,29,9,4,22,19,0,2,,6.44,Atalanta,Sampdoria,0,0,0,1,14:00,"Jpl, 07-Okt-18",6.0,8.0,Won (33%),Drew (17%),Won (50%),21,9,15,3,6,5,0,1,0,0,0,0,605,446,30,9,77,57,497,380
218,7,12,31.2,68.8,71,88,3,10,12,16,17,11,4,7,7,15,3,1,6.43,6.84,Chievo,Sampdoria,0,0,0,0,11:30,"Jpl, 19-Mei-19",6.0,11.0,Won (33%),Drew (17%),Won (50%),7,12,6,9,1,3,0,0,0,0,0,0,313,680,8,25,65,60,239,595
219,17,13,47.6,52.4,81,82,6,11,16,12,22,17,9,5,7,20,2,2,6.96,6.74,Inter,Sampdoria,0,0,2,1,17:00,"Jpl, 17-Feb-19",13.0,6.0,Won (67%),Drew (0%),Won (33%),17,13,9,11,8,2,0,0,0,0,0,0,446,489,25,19,55,46,361,422
220,20,10,50.9,49.1,82,80,12,10,12,11,13,13,8,5,8,8,3,4,7.02,6.61,Roma,Sassuolo,2,0,3,1,17:00,"Jtan, 26-Des-18",12.0,5.0,Won (67%),Drew (33%),Won (0%),20,10,16,6,3,4,0,0,1,0,0,0,430,412,21,16,61,48,346,343
221,47,3,61.5,38.5,88,77,10,5,17,11,12,18,9,3,9,6,1,4,7.39,6.58,Atalanta,Empoli,0,0,0,0,19:30,"Jtat, 15-Apr-19",8.0,6.0,Won (50%),Drew (33%),Won (17%),47,3,35,2,12,0,0,1,0,0,0,0,605,383,32,9,41,62,530,312
222,8,20,43.3,56.7,71,79,5,24,22,24,19,12,4,9,7,10,1,1,6.71,7.06,Bologna,Fiorentina,0,0,0,0,14:00,"Jpl, 25-Nov-18",3.0,9.0,Won (0%),Drew (17%),Won (83%),8,20,5,13,3,6,0,1,0,0,0,0,356,467,26,26,66,48,264,390
223,19,9,52.8,47.2,86,84,12,5,16,15,24,14,2,5,7,18,4,7,6.94,6.48,AC Milan,Cagliari,2,0,3,0,19:30,"Jpl, 10-Feb-19",10.0,6.0,Won (67%),Drew (17%),Won (17%),20,9,15,6,2,3,2,0,0,0,1,0,547,489,12,25,56,52,479,412
224,6,21,36.1,63.9,79,90,3,7,14,8,12,16,3,8,8,8,1,5,6.63,6.6,Cagliari,AC Milan,1,0,1,1,19:30,"Jpl, 16-Sep-18",6.0,10.0,Won (17%),Drew (17%),Won (67%),6,21,2,18,2,3,2,0,0,0,0,0,391,690,10,40,62,44,316,603
225,12,12,50.1,49.9,86,84,11,9,9,10,10,10,5,0,4,9,2,1,6.72,6.56,Inter,Napoli,0,0,1,0,19:30,"Jtan, 26-Des-18",4.0,4.0,Won (33%),Drew (33%),Won (33%),12,12,10,12,2,0,0,0,0,0,0,0,579,577,26,13,44,55,508,505
226,19,9,49.3,50.7,85,83,17,3,18,10,9,20,9,6,11,7,1,0,6.6,,Atalanta,Inter,1,0,4,1,11:30,"Jpl, 11-Nov-18",4.0,12.0,Won (17%),Drew (33%),Won (50%),19,9,13,5,6,3,0,0,0,1,0,0,477,491,21,26,51,49,404,415
227,9,10,53.7,46.3,84,79,10,15,9,4,29,19,4,3,10,14,1,2,,6.68,Sampdoria,Sassuolo,0,0,0,0,19:30,"Jtat, 22-Okt-18",5.0,9.0,Won (17%),Drew (17%),Won (67%),9,10,5,7,4,3,0,0,0,0,0,0,514,444,12,11,35,68,466,365
228,18,6,40.1,59.9,77,83,12,6,20,22,16,9,6,6,6,7,2,5,6.56,6.68,Genoa,Juventus,0,0,2,0,11:30,"Jpl, 17-Mac-19",6.0,13.0,Won (17%),Drew (17%),Won (67%),18,6,13,3,4,3,1,0,0,0,0,0,370,550,16,28,70,73,283,449
229,10,10,52.3,47.7,75,75,4,6,26,18,21,23,9,10,14,8,3,1,6.8,6.49,Torino,SPAL 2013,0,0,1,0,19:30,"Jpl, 02-Sep-18",4.0,3.0,Won (50%),Drew (50%),Won (0%),10,10,6,7,4,3,0,0,0,0,0,0,407,368,18,31,56,56,332,281
230,19,12,54.3,45.7,87,79,9,6,13,20,19,18,11,4,9,8,3,3,6.87,6.42,AC Milan,Lazio,0,0,1,0,19:30,"Jmos, 13-Apr-19",4.0,6.0,Won (33%),Drew (50%),Won (17%),19,12,12,10,4,2,2,0,1,0,0,0,515,436,17,14,51,60,446,360
231,24,16,53.3,46.7,81,79,8,9,23,23,15,16,14,10,12,10,4,2,6.54,6.46,Frosinone,Udinese,0,3,1,3,14:00,"Jpl, 12-Mei-19",5.0,5.0,Won (25%),Drew (25%),Won (50%),24,16,14,8,8,6,2,2,0,0,0,0,455,400,51,14,48,68,356,316
232,8,16,44.8,55.2,72,78,9,7,15,19,22,24,7,7,15,11,0,2,,6.87,Atalanta,Lazio,1,0,1,0,19:30,"Jtat, 17-Des-18",10.0,13.0,Won (17%),Drew (33%),Won (50%),8,16,4,12,4,4,0,0,0,0,0,0,408,503,24,23,60,78,324,402
233,8,13,26.6,73.4,72,90,1,13,22,11,14,13,3,7,9,6,3,1,6.57,6.93,Bologna,Inter,0,0,0,3,17:00,"Jmos, 01-Sep-18",6.0,10.0,Won (0%),Drew (33%),Won (67%),8,13,5,12,3,1,0,0,0,0,0,0,306,838,14,28,66,68,225,739
234,11,13,42.9,57.1,77,84,9,6,19,14,17,15,3,7,7,13,7,3,6.59,6.29,Parma Calcio 1913,Frosinone,0,0,0,0,14:00,"Jpl, 04-Nov-18",3.0,2.0,Won (50%),Drew (0%),Won (50%),11,13,6,12,5,1,0,0,0,0,0,0,402,537,17,42,64,66,320,429
235,13,13,35.4,64.6,65,81,13,10,34,29,19,26,6,6,16,11,5,2,6.63,6.7,Udinese,Bologna,1,1,2,1,14:00,"Jpl, 03-Mac-19",5.0,8.0,Won (50%),Drew (0%),Won (50%),13,13,9,7,3,6,0,0,1,0,0,0,258,472,15,20,59,37,184,415
236,16,14,53.4,46.6,82,77,11,8,31,18,20,24,7,7,16,15,1,0,6.51,,SPAL 2013,Bologna,0,1,1,1,14:00,"Jpl, 20-Jan-19",3.0,2.0,Won (67%),Drew (0%),Won (33%),16,14,10,7,6,7,0,0,0,0,0,0,407,358,21,18,53,66,333,274
237,21,8,46.1,53.9,74,76,9,10,19,29,13,13,8,3,7,12,0,5,,6.6,Bologna,Cagliari,1,0,2,0,11:30,"Jpl, 10-Mac-19",5.0,5.0,Won (33%),Drew (50%),Won (17%),21,8,14,7,6,1,0,0,1,0,0,0,396,462,19,19,63,61,314,381
238,12,16,47.1,52.9,82,85,4,6,19,11,5,9,5,8,4,3,5,4,6.79,6.79,Juventus,AC Milan,0,1,2,1,17:00,"Jmos, 06-Apr-19",14.0,2.0,Won (100%),Drew (0%),Won (0%),12,16,5,11,6,5,0,0,1,0,0,0,428,480,22,21,61,52,343,407
239,22,17,38.9,61.1,80,86,6,2,23,24,10,15,5,1,11,7,4,2,6.4,7.06,Frosinone,Cagliari,1,0,1,1,14:00,"Jpl, 02-Des-18",2.0,1.0,Won (100%),Drew (0%),Won (0%),22,17,18,15,4,2,0,0,0,0,0,0,403,633,20,20,84,57,299,555
240,14,19,29.4,70.6,70,89,9,11,13,13,11,19,1,3,12,5,2,3,6.57,6.93,Frosinone,Inter,0,2,1,3,19:30,"Jpl, 14-Apr-19",0.0,8.0,Won (0%),Drew (0%),Won (100%),14,19,6,16,8,1,0,1,0,1,0,0,295,708,19,10,58,51,218,647
241,18,19,55.2,44.8,84,86,5,9,16,15,17,7,4,5,4,12,6,4,6.67,6.5,Lazio,Udinese,2,0,2,0,18:00,"Jtan, 17-Apr-19",11.0,2.0,Won (83%),Drew (17%),Won (0%),19,19,15,11,3,7,0,0,0,1,1,0,541,439,21,17,65,35,454,387
242,15,4,57.4,42.6,78,76,9,9,19,24,15,16,10,5,10,7,2,2,6.46,6.5,Fiorentina,Bologna,0,0,0,0,14:00,"Jpl, 14-Apr-19",7.0,3.0,Won (67%),Drew (33%),Won (0%),15,4,8,1,6,2,1,1,0,0,0,0,510,379,36,18,71,42,402,319
243,10,6,53.1,46.9,80,77,6,3,23,32,11,14,5,4,10,8,1,2,7.39,6.64,Atalanta,Cagliari,0,1,0,1,19:30,"Jpl, 02-Sep-18",7.0,8.0,Won (50%),Drew (0%),Won (50%),10,6,7,4,3,2,0,0,0,0,0,0,521,461,18,16,65,88,437,357
244,21,14,57.2,42.8,89,87,11,6,13,5,14,11,5,3,4,9,2,3,6.9,6.82,Napoli,Sampdoria,2,0,3,0,17:00,"Jmos, 02-Feb-19",15.0,10.0,Won (83%),Drew (0%),Won (17%),21,14,19,13,1,1,0,0,1,0,0,0,717,536,16,14,68,33,632,485
245,11,13,44.5,55.5,76,81,9,8,13,19,19,16,7,8,10,13,1,2,6.43,6.64,Fiorentina,Sassuolo,0,1,0,1,20:00,"Jtat, 29-Apr-19",13.0,8.0,Won (50%),Drew (33%),Won (17%),11,13,5,10,4,3,1,0,1,0,0,0,415,520,9,21,63,44,340,455
246,20,11,51.2,48.8,82,82,13,15,13,7,34,15,5,4,9,15,0,1,,6.71,Atalanta,Bologna,4,0,4,1,20:00,"Alh, 04-Apr-19",11.0,3.0,Won (100%),Drew (0%),Won (0%),20,11,15,7,3,3,2,1,0,0,0,0,523,499,13,14,50,52,457,433
247,17,14,51.5,48.5,85,83,7,4,13,6,17,14,7,4,6,5,3,2,6.76,6.68,Juventus,Napoli,1,1,3,1,17:00,"Jmos, 29-Sep-18",9.0,7.0,Won (50%),Drew (17%),Won (33%),17,14,11,10,6,4,0,0,0,0,0,0,569,534,22,12,64,64,482,458
248,15,17,45.3,54.7,82,84,16,7,18,11,13,14,5,6,6,7,6,3,6.98,6.99,Roma,Inter,0,1,2,2,19:30,"Jpl, 02-Des-18",8.0,8.0,Won (33%),Drew (33%),Won (33%),15,17,12,14,2,3,0,0,1,0,0,0,423,514,26,20,55,51,341,439
249,18,7,50.3,49.7,80,77,8,11,14,16,20,19,4,5,12,13,4,3,6.66,6.86,Bologna,Juventus,0,0,0,1,14:00,"Jpl, 24-Feb-19",2.0,15.0,Won (0%),Drew (0%),Won (100%),18,7,12,3,6,3,0,1,0,0,0,0,468,465,20,14,41,62,407,384
250,15,10,43.8,56.2,79,82,15,3,27,19,15,25,4,12,14,9,1,4,6.91,6.44,Sassuolo,Cagliari,2,0,3,0,14:00,"Jmos, 26-Jan-19",12.0,9.0,Won (33%),Drew (33%),Won (33%),15,10,10,7,2,3,2,0,1,0,0,0,427,548,17,36,60,64,348,448
251,20,11,56.4,43.6,87,84,10,9,14,11,16,22,5,3,9,7,3,3,6.58,6.37,Lazio,Genoa,2,0,4,1,14:00,"Jpl, 23-Sep-18",13.0,9.0,Won (50%),Drew (33%),Won (17%),20,11,14,11,5,0,1,0,0,0,0,0,523,406,20,17,71,46,424,341
252,13,15,44.1,55.9,70,78,6,12,16,14,24,18,5,7,10,15,3,2,6.4,6.74,Lazio,Roma,1,0,3,0,19:30,"Jmos, 02-Mac-19",9.0,9.0,Won (33%),Drew (17%),Won (50%),13,15,8,11,4,4,0,0,1,0,0,0,342,431,10,17,61,62,268,352
253,14,10,48.6,51.4,66,68,10,9,20,21,23,11,4,4,7,13,5,1,6.54,6.43,Cagliari,Fiorentina,0,0,2,1,19:30,"Ijm, 15-Mac-19",8.0,9.0,Won (33%),Drew (17%),Won (50%),14,10,9,5,5,4,0,1,0,0,0,0,365,388,20,20,58,74,286,292
254,21,12,61.3,38.7,83,70,3,9,16,17,13,11,3,3,9,9,2,5,6.41,6.66,Frosinone,Parma Calcio 1913,2,1,3,2,20:00,"Jtan, 03-Apr-19",2.0,3.0,Won (33%),Drew (33%),Won (33%),21,12,12,8,8,1,0,2,1,1,0,0,496,315,37,9,52,71,407,234
255,12,15,41.5,58.5,79,89,9,3,22,22,12,18,8,4,12,5,3,2,6.62,6.88,Parma Calcio 1913,AC Milan,0,0,1,1,11:30,"Jmos, 20-Apr-19",1.0,2.0,Won (0%),Drew (0%),Won (100%),12,15,5,14,6,0,1,1,0,0,0,0,364,510,31,20,66,52,265,438
256,13,9,73.5,26.5,88,57,15,1,13,21,10,9,10,1,6,4,1,3,6.81,6.39,Atalanta,Chievo,0,1,1,1,14:00,"Jpl, 17-Mac-19",13.0,3.0,Won (83%),Drew (17%),Won (0%),13,9,11,8,2,1,0,0,0,0,0,0,707,256,28,8,52,57,626,191
257,12,12,51.0,49.0,85,85,0,7,12,9,15,14,6,7,5,10,1,1,,6.74,SPAL 2013,Sassuolo,0,0,0,2,18:00,"Alh, 27-Sep-18",1.0,2.0,Won (0%),Drew (50%),Won (50%),12,12,4,6,7,1,1,5,0,0,0,0,471,452,19,18,49,48,403,383
258,7,18,38.6,61.4,78,84,8,6,20,24,20,23,1,7,12,10,2,0,6.58,,Bologna,Lazio,0,1,0,2,14:00,"Jtan, 26-Des-18",6.0,10.0,Won (0%),Drew (50%),Won (50%),7,18,4,15,2,3,1,0,0,0,0,0,401,639,7,22,67,65,327,551
259,4,17,30.5,69.5,65,84,3,13,17,32,20,14,4,6,7,10,4,2,6.34,7.08,Chievo,Lazio,1,0,1,1,17:00,"Jpl, 02-Des-18",9.0,12.0,Won (33%),Drew (17%),Won (50%),4,17,4,15,0,2,0,0,0,0,0,0,312,705,15,22,73,66,222,616
260,19,17,43.2,56.8,82,84,9,4,14,7,7,18,6,5,11,3,2,4,6.64,6.67,Sassuolo,Sampdoria,1,3,3,5,14:00,"Jmos, 16-Mac-19",6.0,4.0,Won (50%),Drew (33%),Won (17%),19,17,14,12,4,3,1,2,0,0,0,0,440,574,19,18,56,62,363,493
261,20,8,62.8,37.2,87,76,6,9,18,22,13,12,11,6,6,7,1,2,6.89,6.28,Inter,Genoa,2,0,5,0,14:00,"Jmos, 03-Nov-18",4.0,4.0,Won (50%),Drew (0%),Won (50%),20,8,12,5,8,3,0,0,0,0,0,0,600,356,28,16,47,61,524,279
262,7,19,30.9,69.1,73,88,4,14,10,16,28,13,2,7,7,12,5,1,6.4,7.39,Udinese,Atalanta,1,1,1,3,14:00,"Jpl, 09-Des-18",9.0,7.0,Won (50%),Drew (33%),Won (17%),7,19,4,11,3,8,0,0,0,0,0,0,330,727,9,18,58,46,262,661
263,18,15,42.3,57.7,87,90,10,4,8,7,13,17,10,4,10,7,2,1,6.76,6.74,Juventus,Sassuolo,0,0,2,1,14:00,"Jpl, 16-Sep-18",16.0,3.0,Won (83%),Drew (0%),Won (17%),18,15,12,12,5,3,1,0,0,0,0,0,425,579,26,18,36,39,362,522
264,17,8,44.6,55.4,80,87,11,7,18,12,16,13,10,2,8,11,5,5,6.8,6.92,Roma,AC Milan,0,1,1,1,19:30,"Jpl, 03-Feb-19",11.0,6.0,Won (67%),Drew (0%),Won (33%),17,8,11,7,5,1,1,0,0,0,0,0,437,541,35,10,43,52,359,478
265,17,10,36.9,63.1,65,79,7,13,17,27,14,20,4,4,15,7,1,1,6.97,7.0,Torino,Atalanta,1,0,2,0,14:00,"Jmos, 23-Feb-19",6.0,7.0,Won (17%),Drew (50%),Won (33%),17,10,10,6,7,4,0,0,0,0,0,0,338,573,14,20,65,51,259,501
266,12,10,51.5,48.5,80,83,7,5,12,14,16,10,6,4,5,6,1,3,6.22,6.58,Udinese,Lazio,0,0,1,2,18:00,"Jtan, 26-Sep-18",2.0,11.0,Won (0%),Drew (17%),Won (83%),13,10,9,8,3,2,0,0,0,0,1,0,498,469,18,11,70,58,410,400
267,13,15,39.6,60.4,76,79,7,9,16,21,19,17,5,6,12,7,2,0,6.2,,Lazio,Fiorentina,1,0,1,0,14:00,"Jpl, 07-Okt-18",13.0,12.0,Won (50%),Drew (17%),Won (33%),13,15,7,11,6,4,0,0,0,0,0,0,351,532,19,24,48,76,283,432
268,17,7,52.6,47.4,86,84,5,3,10,14,12,19,11,1,14,3,0,1,,,Fiorentina,SPAL 2013,2,0,3,0,17:00,"Jmos, 22-Sep-18",1.0,1.0,Won (0%),Drew (100%),Won (0%),17,7,10,6,7,1,0,0,0,0,0,0,464,414,22,14,52,57,389,343
269,13,13,54.4,45.6,83,80,3,10,21,16,17,7,5,4,3,11,1,2,6.89,6.51,Inter,Torino,2,0,2,2,19:30,"Jpl, 26-Ago-18",7.0,7.0,Won (33%),Drew (33%),Won (33%),13,13,10,11,3,2,0,0,0,0,0,0,554,465,21,14,77,58,456,392
270,12,6,56.7,43.3,85,79,9,8,20,16,18,12,7,2,10,8,1,4,7.02,6.51,SPAL 2013,Udinese,0,0,0,0,17:00,"Jtan, 26-Des-18",5.0,3.0,Won (67%),Drew (33%),Won (0%),12,6,8,3,4,3,0,0,0,0,0,0,534,407,29,20,39,62,466,323
271,18,15,41.7,58.3,73,81,6,4,29,33,22,14,4,7,11,13,0,3,,6.68,Genoa,Roma,0,0,1,1,17:00,"Jpl, 05-Mei-19",8.0,13.0,Won (0%),Drew (17%),Won (83%),18,15,12,11,5,4,0,0,1,0,0,0,381,523,21,25,61,60,297,436
272,9,18,48.9,51.1,83,87,6,14,6,10,25,17,4,5,10,15,2,3,6.99,6.82,Sampdoria,Napoli,2,0,3,0,19:30,"Jpl, 02-Sep-18",9.0,17.0,Won (0%),Drew (17%),Won (83%),9,18,5,16,3,2,1,0,0,0,0,0,512,536,12,21,48,72,450,440
273,21,11,54.8,45.2,85,84,12,14,16,10,22,18,9,4,9,13,2,9,6.64,6.92,Lazio,AC Milan,0,0,1,1,17:00,"Jpl, 25-Nov-18",6.0,6.0,Won (17%),Drew (33%),Won (50%),21,12,15,9,6,2,0,0,0,0,0,1,585,481,29,14,51,56,505,411
274,11,12,52.9,47.1,81,78,4,2,24,21,11,16,4,4,10,9,2,4,6.56,6.57,Cagliari,Bologna,1,0,2,0,14:00,"Jmos, 06-Okt-18",3.0,8.0,Won (0%),Drew (50%),Won (50%),11,12,9,12,2,0,0,0,0,0,0,0,463,414,27,25,72,67,363,322
275,15,12,44.8,55.2,86,88,8,4,4,5,24,18,4,4,8,10,5,2,6.74,6.7,Napoli,Sassuolo,1,0,2,0,17:00,"Jpl, 07-Okt-18",11.0,8.0,Won (33%),Drew (50%),Won (17%),15,12,14,10,1,2,0,0,0,0,0,0,536,658,8,16,55,42,470,600
276,21,11,59.8,40.2,83,74,8,4,10,10,18,15,2,3,8,11,3,2,6.8,6.41,Fiorentina,Empoli,1,1,3,1,14:00,"Jpl, 16-Des-18",11.0,9.0,Won (33%),Drew (33%),Won (33%),21,11,16,7,4,4,1,0,0,0,0,0,500,334,17,9,54,43,424,282
277,17,12,52.2,47.8,80,78,15,12,30,18,13,19,7,3,13,8,2,2,6.08,6.93,Lazio,Torino,0,1,1,1,14:00,"Jmos, 29-Des-18",11.0,7.0,Won (50%),Drew (33%),Won (17%),17,12,16,9,1,2,0,0,0,1,0,0,473,433,35,13,41,77,395,343
278,3,17,38.6,61.4,78,88,1,8,16,11,18,13,1,2,8,6,1,1,6.67,6.6,Chievo,Atalanta,0,2,1,5,14:00,"Jpl, 21-Okt-18",3.0,8.0,Won (17%),Drew (17%),Won (67%),3,17,1,13,1,3,0,1,1,0,0,0,425,674,13,9,61,49,351,610
279,15,7,45.9,54.1,87,89,7,8,7,13,24,7,5,1,7,21,5,1,6.88,,AC Milan,Sampdoria,2,2,3,2,17:00,"Jpl, 28-Okt-18",5.0,3.0,Won (67%),Drew (0%),Won (33%),15,7,13,6,2,1,0,0,0,0,0,0,532,628,19,8,70,27,443,593
280,11,13,44.0,56.0,71,82,5,4,19,25,18,19,7,3,10,13,4,2,6.38,6.78,Genoa,Fiorentina,0,0,0,0,14:00,"Jmos, 29-Des-18",6.0,7.0,Won (17%),Drew (50%),Won (33%),11,13,8,9,3,4,0,0,0,0,0,0,342,435,29,20,60,66,253,349
281,13,16,58.9,41.1,88,83,10,12,14,17,15,31,5,5,25,11,2,4,7.03,6.6,Torino,Lazio,0,0,3,1,14:00,"Jpl, 26-Mei-19",8.0,9.0,Won (17%),Drew (50%),Won (33%),13,16,10,13,2,3,1,0,0,0,0,0,594,413,15,13,60,33,518,367
282,16,5,72.4,27.6,87,66,10,6,21,22,11,22,9,2,14,7,4,3,6.77,6.47,Sampdoria,Frosinone,0,1,0,1,14:00,"Jpl, 10-Feb-19",7.0,2.0,Won (67%),Drew (0%),Won (33%),16,5,9,3,7,2,0,0,0,0,0,0,737,287,31,17,49,71,656,197
283,5,10,57.4,42.6,84,79,7,7,18,12,14,12,3,2,7,8,2,1,6.42,6.66,Chievo,Sassuolo,0,1,0,2,14:00,"Jpl, 04-Nov-18",8.0,5.0,Won (33%),Drew (67%),Won (0%),5,11,4,5,1,5,0,0,0,0,0,1,545,406,28,11,66,63,451,332
284,11,14,45.3,54.7,88,88,8,13,9,7,10,11,6,6,8,3,2,2,7.16,6.65,AC Milan,Sassuolo,1,0,1,0,17:00,"Jmos, 02-Mac-19",14.0,8.0,Won (67%),Drew (17%),Won (17%),12,14,6,8,3,6,2,0,0,0,1,0,443,537,20,18,36,41,384,477
285,10,7,50.2,49.8,83,83,10,10,15,8,13,14,3,2,11,9,5,2,6.69,6.37,Lazio,Empoli,1,0,1,0,19:30,"Alh, 07-Feb-19",11.0,2.0,Won (83%),Drew (0%),Won (17%),10,7,6,6,3,1,0,0,1,0,0,0,512,501,16,19,49,55,444,426
286,12,14,37.9,62.1,80,87,8,9,8,17,12,21,4,4,11,7,1,0,6.74,,Sassuolo,Inter,1,0,1,0,19:30,"Jpl, 19-Ago-18",9.0,4.0,Won (83%),Drew (0%),Won (17%),12,14,8,13,2,1,1,0,1,0,0,0,364,592,12,32,64,48,286,511
287,16,11,42.4,57.6,83,90,8,15,6,12,16,17,5,4,15,6,2,3,6.6,6.53,SPAL 2013,Juventus,0,1,2,1,14:00,"Jmos, 13-Apr-19",1.0,6.0,Won (0%),Drew (33%),Won (67%),16,11,14,10,2,1,0,0,0,0,0,0,391,531,28,19,48,43,315,468
288,8,18,34.7,65.3,74,87,10,18,21,10,19,19,2,10,15,14,2,3,6.61,6.82,Parma Calcio 1913,Inter,0,0,0,1,19:30,"Jmos, 09-Feb-19",1.0,0.0,Won (100%),Drew (0%),Won (0%),8,18,5,15,2,3,1,0,0,0,0,0,312,587,12,38,73,45,227,499
289,9,13,41.4,58.6,76,83,8,6,16,17,18,20,4,5,11,10,2,1,6.6,6.49,Parma Calcio 1913,Genoa,0,0,1,0,17:00,"Jmos, 09-Mac-19",3.0,1.0,Won (100%),Drew (0%),Won (0%),9,13,4,10,4,3,1,0,0,0,0,0,395,553,16,30,64,70,313,453
290,30,6,71.8,28.2,93,76,6,5,15,17,11,11,11,0,5,6,3,4,7.05,6.34,Inter,Frosinone,1,0,3,0,19:30,"Jmos, 24-Nov-18",5.0,0.0,Won (100%),Drew (0%),Won (0%),30,6,24,5,6,1,0,0,0,0,0,0,862,339,24,9,38,62,798,268
291,16,13,55.8,44.2,90,88,8,4,14,6,9,15,9,2,4,5,3,3,6.8,6.41,Roma,Chievo,2,0,2,2,11:30,"Jpl, 16-Sep-18",18.0,8.0,Won (67%),Drew (33%),Won (0%),16,13,14,12,2,1,0,0,0,0,0,0,650,514,27,19,60,47,561,447
292,10,12,42.2,57.8,69,76,6,5,21,19,13,13,7,5,8,9,2,3,6.86,6.61,Torino,Juventus,0,0,0,1,19:30,"Jmos, 15-Des-18",3.0,15.0,Won (0%),Drew (17%),Won (83%),10,12,9,6,1,5,0,0,0,1,0,0,319,438,21,17,66,60,232,360
293,26,8,62.6,37.4,89,78,8,11,9,14,15,14,17,3,8,5,4,4,6.75,6.67,Napoli,Roma,0,1,1,1,19:30,"Jpl, 28-Okt-18",6.0,9.0,Won (33%),Drew (17%),Won (50%),26,8,21,8,5,0,0,0,0,0,0,0,719,425,48,7,41,62,629,355
294,19,4,66.8,33.2,83,68,6,6,28,25,24,14,8,2,10,12,4,2,6.35,6.24,Genoa,Frosinone,0,0,0,0,14:00,"Jpl, 03-Mac-19",13.0,5.0,Won (80%),Drew (20%),Won (0%),19,4,12,4,7,0,0,0,0,0,0,0,598,302,49,6,70,66,478,230
295,28,11,68.2,31.8,88,78,12,7,15,17,15,12,12,4,6,6,4,3,6.73,6.59,Juventus,Parma Calcio 1913,1,0,3,3,19:30,"Jmos, 02-Feb-19",2.0,1.0,Won (100%),Drew (0%),Won (0%),28,11,23,6,5,2,0,3,0,0,0,0,624,292,31,10,52,56,541,226
296,9,16,47.8,52.2,82,83,7,3,12,10,13,11,3,12,7,6,2,2,6.44,6.86,Sampdoria,Inter,0,0,0,1,19:30,"Jmos, 22-Sep-18",7.0,13.0,Won (33%),Drew (17%),Won (50%),9,16,6,11,3,5,0,0,0,0,0,0,473,517,6,37,47,67,418,412
297,15,20,52.4,47.6,81,81,12,8,9,22,18,19,4,6,11,6,3,2,6.44,6.64,Lazio,Bologna,1,0,3,3,19:30,"Jtat, 20-Mei-19",10.0,5.0,Won (50%),Drew (50%),Won (0%),15,20,10,11,4,9,1,0,0,0,0,0,498,449,6,22,52,61,439,366
298,14,14,59.8,40.2,82,71,9,3,23,18,7,15,4,2,10,3,3,4,6.58,6.36,Chievo,Frosinone,0,0,1,0,14:00,"Jmos, 29-Des-18",13.0,2.0,Won (100%),Drew (0%),Won (0%),14,14,9,8,5,6,0,0,0,0,0,0,544,363,22,13,74,67,448,283
299,11,12,42.5,57.5,71,76,8,6,24,19,18,16,4,9,6,10,4,3,6.76,6.86,Torino,AC Milan,0,0,2,0,19:30,"Jpl, 28-Apr-19",6.0,8.0,Won (0%),Drew (67%),Won (33%),11,12,6,9,4,3,0,0,1,0,0,0,315,424,25,23,58,50,232,350
300,18,16,62.9,37.1,86,77,7,4,16,22,16,16,8,3,11,12,3,3,6.72,6.78,Sampdoria,Roma,0,0,0,1,19:30,"Jmos, 06-Apr-19",8.0,14.0,Won (33%),Drew (17%),Won (50%),18,16,14,12,4,4,0,0,0,0,0,0,592,351,32,22,40,69,520,259
301,20,6,59.3,40.7,79,73,9,9,23,14,14,24,12,2,17,8,3,1,6.54,6.98,Sassuolo,Torino,0,0,1,1,14:00,"Jmos, 22-Des-18",8.0,11.0,Won (17%),Drew (50%),Won (33%),20,6,12,3,8,3,0,0,0,0,0,0,447,313,37,15,50,70,357,227
302,13,14,48.3,51.7,80,79,13,3,21,22,13,10,2,2,8,8,3,1,6.33,6.29,Empoli,Frosinone,2,0,2,1,14:00,"Jpl, 17-Mac-19",13.0,13.0,Won (33%),Drew (33%),Won (33%),13,14,7,9,3,5,2,0,1,0,0,0,451,482,10,20,67,62,373,400
303,14,31,39.4,60.6,67,80,8,10,32,28,20,11,4,13,8,13,1,5,6.29,6.31,Empoli,Udinese,1,0,2,1,14:00,"Jpl, 11-Nov-18",5.0,8.0,Won (33%),Drew (17%),Won (50%),14,31,9,23,4,5,1,2,0,1,0,0,334,514,9,37,73,66,252,411
304,17,13,46.1,53.9,81,82,10,19,8,11,22,20,3,3,10,12,2,2,6.7,7.1,Napoli,Atalanta,1,0,1,2,18:00,"Jtat, 22-Apr-19",7.0,7.0,Won (50%),Drew (0%),Won (50%),17,13,15,12,1,1,1,0,0,0,0,0,502,586,10,15,50,52,439,518
305,18,12,51.3,48.7,85,80,5,14,9,13,10,29,5,5,21,8,3,3,6.88,6.78,Atalanta,Juventus,1,1,2,2,14:00,"Jtan, 26-Des-18",6.0,11.0,Won (0%),Drew (33%),Won (67%),18,13,13,8,5,4,0,0,0,0,0,1,455,435,24,16,50,62,380,355
306,26,7,48.1,51.9,86,82,12,4,19,16,18,15,6,6,10,11,4,4,6.68,6.65,Udinese,Cagliari,1,0,2,0,14:00,"Jmos, 29-Des-18",9.0,12.0,Won (17%),Drew (17%),Won (67%),26,7,19,4,6,3,0,0,1,0,0,0,429,462,22,16,55,47,352,399
307,21,9,64.0,36.0,87,75,12,5,15,23,11,16,8,2,9,9,3,0,6.89,,Juventus,Genoa,1,0,1,1,17:00,"Jmos, 20-Okt-18",13.0,5.0,Won (83%),Drew (0%),Won (17%),21,9,15,8,6,1,0,0,0,0,0,0,647,366,24,6,54,69,568,291
308,3,29,27.6,72.4,76,90,2,10,12,15,15,15,3,5,11,9,4,5,6.38,6.61,Frosinone,Juventus,0,0,0,2,19:30,"Jpl, 23-Sep-18",1.0,6.0,Won (0%),Drew (25%),Won (75%),3,29,2,23,1,5,0,1,0,0,0,0,252,661,15,33,55,58,181,570
309,20,10,59.8,40.2,80,66,10,11,20,13,24,20,8,5,14,9,0,1,,7.06,Atalanta,Fiorentina,2,1,3,1,17:00,"Jpl, 03-Mac-19",5.0,7.0,Won (0%),Drew (83%),Won (17%),20,10,10,3,8,6,2,1,0,0,0,0,457,307,21,13,50,65,385,228
310,22,6,63.0,37.0,89,76,11,5,18,13,11,21,6,2,14,7,3,3,6.67,6.66,Napoli,Cagliari,0,0,2,1,19:30,"Jpl, 05-Mei-19",20.0,1.0,Won (100%),Drew (0%),Won (0%),22,6,17,5,4,1,0,0,1,0,0,0,749,440,28,9,36,74,684,357
311,21,18,55.6,44.4,87,84,13,7,9,6,14,13,7,8,8,6,5,1,6.91,6.63,Napoli,Lazio,2,0,2,1,19:30,"Jpl, 20-Jan-19",16.0,4.0,Won (83%),Drew (17%),Won (0%),21,18,18,15,3,3,0,0,0,0,0,0,574,458,19,28,58,58,494,372
312,17,14,40.8,59.2,79,85,7,7,11,17,20,7,7,3,6,12,1,0,6.09,,Empoli,Atalanta,1,2,3,2,14:00,"Jpl, 25-Nov-18",3.0,6.0,Won (0%),Drew (50%),Won (50%),18,14,12,11,4,2,0,1,1,0,1,0,397,575,20,16,51,70,323,487
313,17,22,54.7,45.3,83,81,13,11,15,26,20,12,5,5,4,9,3,2,6.63,6.94,Sassuolo,Roma,0,0,0,0,19:30,"Jmos, 18-Mei-19",4.0,13.0,Won (0%),Drew (17%),Won (83%),17,22,12,17,5,5,0,0,0,0,0,0,520,432,11,28,53,61,452,342
314,23,9,64.9,35.1,88,71,8,5,14,12,20,17,7,7,10,14,2,5,6.52,6.34,Lazio,Frosinone,0,0,1,0,19:30,"Jpl, 02-Sep-18",2.0,0.0,Won (50%),Drew (50%),Won (0%),23,9,19,6,4,2,0,1,0,0,0,0,682,366,23,14,54,66,602,286
315,18,6,62.7,37.3,85,72,5,7,21,11,12,18,8,9,11,9,3,3,6.71,6.8,Roma,SPAL 2013,0,1,0,2,14:00,"Jmos, 20-Okt-18",6.0,1.0,Won (100%),Drew (0%),Won (0%),18,6,17,3,1,1,0,1,0,1,0,0,586,350,27,14,54,57,504,278
316,13,9,62.5,37.5,82,70,4,6,24,19,14,23,4,2,11,9,2,1,6.65,7.11,Parma Calcio 1913,Bologna,0,0,0,0,17:00,"Jmos, 22-Des-18",2.0,1.0,Won (50%),Drew (0%),Won (50%),13,9,10,8,3,1,0,0,0,0,0,0,617,370,28,20,73,70,516,280
317,20,8,62.1,37.9,86,78,13,11,7,13,18,18,8,2,11,10,2,4,6.28,6.47,Empoli,Parma Calcio 1913,1,2,3,3,14:00,"Jmos, 02-Mac-19",6.0,2.0,Won (67%),Drew (0%),Won (33%),21,8,13,3,6,4,0,1,1,0,1,0,554,340,34,13,77,58,443,266
318,13,13,40.8,59.2,73,82,6,15,27,23,22,14,7,0,6,13,2,1,6.26,6.72,Bologna,SPAL 2013,0,0,0,1,19:30,"Jpl, 19-Ago-18",2.0,2.0,Won (50%),Drew (0%),Won (50%),13,13,9,12,4,0,0,1,0,0,0,0,370,531,29,11,60,79,280,441
319,25,5,55.5,44.5,78,73,5,6,27,23,28,16,8,3,5,15,3,0,6.51,,Frosinone,SPAL 2013,0,1,0,1,14:00,"Jpl, 31-Mac-19",7.0,1.0,Won (100%),Drew (0%),Won (0%),25,5,20,2,5,3,0,0,0,0,0,0,481,386,36,12,62,73,383,300
320,15,12,49.0,51.0,78,79,14,7,20,17,21,18,4,6,11,14,5,3,7.0,6.64,Roma,Fiorentina,1,1,2,2,20:00,"Jtan, 03-Apr-19",10.0,13.0,Won (33%),Drew (17%),Won (50%),15,12,13,9,2,3,0,0,0,0,0,0,423,441,20,13,40,59,361,367
321,14,14,26.1,73.9,75,88,16,7,11,13,19,13,2,3,10,13,2,1,6.72,6.45,Parma Calcio 1913,Sassuolo,2,1,2,1,11:30,"Jpl, 25-Nov-18",2.0,1.0,Won (100%),Drew (0%),Won (0%),14,14,10,12,4,1,0,0,0,1,0,0,229,639,16,22,52,35,161,582
322,13,14,49.7,50.3,78,80,7,8,13,12,13,12,5,6,5,10,3,4,6.82,6.86,Fiorentina,AC Milan,0,1,0,1,19:30,"Jmos, 11-Mei-19",4.0,10.0,Won (17%),Drew (33%),Won (50%),13,14,11,13,1,1,1,0,0,0,0,0,433,441,27,18,41,57,364,365
323,24,6,51.5,48.5,85,80,10,9,14,10,25,17,13,5,10,15,1,7,6.71,6.58,Bologna,Empoli,0,1,3,1,14:00,"Jmos, 27-Apr-19",4.0,10.0,Won (0%),Drew (33%),Won (67%),24,6,12,5,12,1,0,0,0,0,0,0,446,417,29,17,43,52,373,346
324,13,7,61.1,38.9,85,77,7,8,11,17,14,23,9,4,18,6,0,2,,6.7,Atalanta,SPAL 2013,0,1,2,1,14:00,"Jpl, 10-Feb-19",2.0,4.0,Won (0%),Drew (67%),Won (33%),13,7,11,4,2,3,0,0,0,0,0,0,578,365,28,13,37,44,510,307
325,11,14,43.7,56.3,74,82,10,12,21,15,19,12,4,8,8,8,3,2,6.36,6.51,Frosinone,Roma,1,2,2,3,19:30,"Jmos, 23-Feb-19",1.0,9.0,Won (0%),Drew (0%),Won (100%),11,14,9,9,0,5,2,0,0,0,0,0,404,522,21,24,63,59,320,437
326,12,17,32.6,67.4,73,87,11,13,12,11,15,21,5,2,13,10,4,3,6.6,6.89,Parma Calcio 1913,Napoli,0,2,0,4,17:00,"Jpl, 24-Feb-19",0.0,3.0,Won (0%),Drew (0%),Won (100%),12,17,7,16,4,1,1,0,0,0,0,0,339,702,10,9,62,46,267,645
327,14,2,52.1,47.9,80,78,6,4,19,23,26,14,8,2,10,21,4,4,6.52,6.47,Frosinone,Chievo,0,0,0,0,17:00,"Jmos, 25-Mei-19",2.0,14.0,Won (0%),Drew (0%),Won (100%),14,2,8,1,6,1,0,0,0,0,0,0,492,452,34,10,40,53,418,389
328,11,11,36.9,63.1,73,85,8,12,8,9,28,15,3,4,8,21,4,2,6.62,6.65,Bologna,Sampdoria,0,0,3,0,14:00,"Jmos, 20-Apr-19",10.0,10.0,Won (50%),Drew (0%),Won (50%),12,11,6,10,5,1,0,0,0,0,1,0,305,511,10,23,64,51,231,435
329,23,14,74.1,25.9,90,68,10,6,8,16,12,8,11,6,7,8,5,3,6.8,6.62,Napoli,Genoa,1,1,1,1,19:30,"Jpl, 07-Apr-19",11.0,4.0,Won (83%),Drew (17%),Won (0%),23,14,19,8,3,6,1,0,0,0,0,0,742,259,44,14,31,59,664,186
330,9,18,35.5,64.5,76,87,9,7,14,16,17,12,2,2,3,10,5,3,6.58,6.76,Parma Calcio 1913,Sampdoria,1,2,3,3,14:00,"Jpl, 05-Mei-19",1.0,5.0,Won (0%),Drew (0%),Won (100%),9,18,6,16,2,1,0,0,1,1,0,0,385,691,15,27,68,58,301,606
331,15,5,62.8,37.2,82,71,10,11,21,25,15,29,9,5,17,8,1,5,6.81,6.52,Atalanta,Udinese,0,0,2,0,18:00,"Jtat, 29-Apr-19",9.0,8.0,Won (33%),Drew (33%),Won (33%),15,5,10,4,3,1,1,0,1,0,0,0,564,335,36,20,55,50,473,264
332,9,26,24.5,75.5,59,88,6,13,21,21,25,14,0,12,7,18,2,5,6.2,6.86,Udinese,Roma,0,0,1,0,14:00,"Jmos, 24-Nov-18",3.0,15.0,Won (0%),Drew (0%),Won (100%),9,26,7,16,1,10,1,0,0,0,0,0,210,636,7,38,65,51,137,547
333,22,14,51.0,49.0,72,71,8,6,26,35,7,11,7,5,9,6,4,2,6.56,6.71,Chievo,Fiorentina,1,2,3,4,11:30,"Jpl, 27-Jan-19",3.0,13.0,Won (17%),Drew (0%),Won (83%),22,14,13,9,7,3,0,2,2,0,0,0,400,383,28,10,76,70,295,300
334,11,25,47.6,52.4,79,85,9,10,16,18,9,22,4,7,12,5,7,1,6.58,6.43,Empoli,Fiorentina,0,0,1,0,11:30,"Jpl, 05-Mei-19",9.0,13.0,Won (33%),Drew (17%),Won (50%),11,25,9,16,2,7,0,2,0,0,0,0,452,498,11,29,51,41,389,428
335,22,9,66.2,33.8,82,56,13,6,23,25,13,13,5,5,6,9,0,0,,,Torino,Genoa,2,1,2,1,14:00,"Jpl, 02-Des-18",9.0,9.0,Won (33%),Drew (33%),Won (33%),22,9,18,4,2,5,1,0,1,0,0,0,553,281,28,12,56,65,468,204
336,11,19,48.8,51.2,81,85,6,7,21,16,13,14,1,5,8,6,5,1,6.42,6.72,Chievo,SPAL 2013,0,1,0,4,17:00,"Jmos, 04-Mei-19",3.0,2.0,Won (25%),Drew (75%),Won (0%),11,19,7,11,4,6,0,2,0,0,0,0,448,470,10,28,46,43,392,399
337,17,6,46.2,53.8,76,85,4,17,11,17,31,12,8,1,8,11,3,7,6.8,6.94,Lazio,Juventus,0,0,1,2,19:30,"Jpl, 27-Jan-19",5.0,10.0,Won (33%),Drew (0%),Won (67%),18,6,14,4,3,1,0,0,0,1,1,0,444,516,19,19,49,59,375,437
338,13,8,55.0,45.0,82,79,8,6,12,26,14,21,9,7,16,9,6,0,7.04,,AC Milan,Fiorentina,0,0,0,1,14:00,"Jmos, 22-Des-18",10.0,5.0,Won (50%),Drew (33%),Won (17%),13,8,12,7,1,1,0,0,0,0,0,0,484,394,25,17,59,49,400,328
339,11,18,55.6,44.4,85,77,10,8,25,18,15,29,2,4,16,6,1,1,6.83,6.49,SPAL 2013,Genoa,1,0,1,1,14:00,"Jpl, 28-Apr-19",3.0,2.0,Won (33%),Drew (67%),Won (0%),11,18,8,8,3,8,0,2,0,0,0,0,447,357,20,14,52,63,374,279
340,19,13,37.4,62.6,67,77,5,3,22,28,21,13,9,6,9,16,0,1,,6.84,Genoa,Atalanta,1,0,3,1,14:00,"Jmos, 22-Des-18",5.0,15.0,Won (17%),Drew (0%),Won (83%),20,13,13,5,5,6,1,0,0,2,1,0,298,501,24,19,62,66,212,415
341,11,23,32.9,67.1,72,87,5,9,24,26,27,15,1,4,9,19,3,1,6.7,6.6,Bologna,Atalanta,1,0,1,2,17:00,"Jpl, 04-Nov-18",5.0,9.0,Won (17%),Drew (0%),Won (83%),11,23,9,20,2,2,0,1,0,0,0,0,335,683,14,21,69,62,251,597
342,15,10,54.8,45.2,87,87,7,10,9,7,10,9,10,4,5,6,1,6,7.08,6.78,Inter,Juventus,1,0,1,1,19:30,"Jmos, 27-Apr-19",7.0,6.0,Won (17%),Drew (17%),Won (67%),15,10,6,9,9,1,0,0,0,0,0,0,570,472,21,21,66,51,483,400
343,21,6,63.5,36.5,89,84,10,3,6,8,13,14,12,4,7,10,1,4,6.81,6.98,Napoli,Juventus,0,2,1,2,19:30,"Jpl, 03-Mac-19",7.0,10.0,Won (33%),Drew (17%),Won (50%),21,6,15,2,5,4,0,0,1,0,0,0,610,351,32,6,49,64,529,281
344,12,18,38.3,61.7,75,87,4,7,16,14,19,15,3,7,13,11,3,2,6.42,6.7,Parma Calcio 1913,Fiorentina,0,0,1,0,14:00,"Jpl, 19-Mei-19",1.0,0.0,Won (50%),Drew (50%),Won (0%),13,18,4,14,7,4,1,0,0,0,1,0,334,539,19,27,56,55,259,456
345,18,15,57.5,42.5,88,84,8,6,7,12,12,19,9,4,11,8,0,2,,,Inter,AC Milan,0,0,1,0,19:30,"Jpl, 21-Okt-18",7.0,10.0,Won (17%),Drew (50%),Won (33%),18,15,13,12,5,2,0,1,0,0,0,0,614,455,45,21,58,48,510,386
346,14,12,66.0,34.0,90,79,5,14,14,10,9,14,5,2,10,8,4,7,6.78,6.66,Napoli,Udinese,2,2,4,2,17:00,"Jpl, 17-Mac-19",14.0,3.0,Won (100%),Drew (0%),Won (0%),14,12,9,10,5,1,0,1,0,0,0,0,728,374,16,13,51,60,661,300
347,18,11,68.1,31.9,93,79,8,4,11,11,4,10,4,3,8,2,0,3,,6.4,Roma,Frosinone,3,0,4,0,20:00,"Jtan, 26-Sep-18",5.0,1.0,Won (100%),Drew (0%),Won (0%),18,11,15,7,3,4,0,0,0,0,0,0,832,389,12,21,63,45,757,320
348,17,10,49.4,50.6,79,79,2,9,20,20,9,21,5,2,18,7,4,2,6.45,6.36,Frosinone,Genoa,1,2,1,2,14:00,"Jpl, 30-Sep-18",4.0,11.0,Won (0%),Drew (25%),Won (75%),17,10,9,10,7,0,0,0,1,0,0,0,443,453,25,8,56,72,362,373
349,18,13,60.8,39.2,90,86,13,7,12,14,15,17,10,7,5,6,5,1,6.85,6.43,Juventus,Fiorentina,1,1,2,1,17:00,"Jmos, 20-Apr-19",11.0,4.0,Won (83%),Drew (0%),Won (17%),19,13,11,9,6,2,1,2,0,0,1,0,659,426,28,14,58,54,568,356
350,16,10,57.0,43.0,75,71,21,9,26,19,18,17,6,3,12,11,3,3,6.74,7.0,Roma,Torino,2,0,3,2,14:00,"Jmos, 19-Jan-19",11.0,6.0,Won (67%),Drew (0%),Won (33%),16,10,10,6,5,2,0,2,1,0,0,0,396,305,27,15,54,55,310,229
351,17,7,49.5,50.5,85,82,11,7,20,18,17,22,9,2,7,8,1,3,6.61,6.36,Bologna,Frosinone,0,2,0,4,14:00,"Jpl, 27-Jan-19",4.0,5.0,Won (17%),Drew (33%),Won (50%),17,7,13,5,4,1,0,1,0,0,0,0,518,529,36,14,31,75,451,437
352,14,10,44.8,55.2,76,82,13,8,20,16,12,19,6,5,14,9,3,2,6.44,6.54,Udinese,Sassuolo,0,1,1,1,14:00,"Jmos, 20-Apr-19",4.0,6.0,Won (17%),Drew (33%),Won (50%),15,10,11,9,3,1,0,0,0,0,1,0,369,453,23,13,59,52,286,387
353,22,9,47.7,52.3,87,89,5,6,6,9,16,10,8,4,6,8,2,3,6.9,6.65,Lazio,SPAL 2013,2,1,4,1,11:30,"Jpl, 04-Nov-18",11.0,3.0,Won (80%),Drew (20%),Won (0%),22,9,16,5,5,4,1,0,0,0,0,0,544,596,18,13,54,40,472,543
354,23,15,60.5,39.5,92,84,3,7,5,8,10,16,5,4,15,3,1,2,6.74,6.41,Sassuolo,Empoli,1,1,3,1,19:30,"Ijm, 21-Sep-18",13.0,8.0,Won (67%),Drew (0%),Won (33%),23,15,18,12,5,3,0,0,0,0,0,0,645,424,12,14,65,40,568,370
355,18,3,65.7,34.3,88,76,13,8,15,14,17,26,13,2,18,11,2,4,6.58,6.45,Sassuolo,Udinese,0,0,0,0,14:00,"Jpl, 02-Des-18",6.0,4.0,Won (50%),Drew (33%),Won (17%),18,3,12,3,6,0,0,0,0,0,0,0,639,335,45,12,37,55,554,268
356,28,9,58.4,41.6,89,80,7,5,11,8,13,18,7,2,14,7,5,4,6.85,6.44,AC Milan,Genoa,1,0,2,1,19:30,"Jtan, 31-Okt-18",4.0,5.0,Won (50%),Drew (17%),Won (33%),28,10,23,9,5,0,0,0,0,0,0,1,584,415,22,16,48,51,514,348
357,26,9,61.9,38.1,90,84,12,8,14,10,15,18,12,5,10,13,5,2,6.93,6.6,Juventus,Chievo,2,0,3,0,19:30,"Jtat, 21-Jan-19",16.0,3.0,Won (100%),Drew (0%),Won (0%),26,9,20,8,5,1,0,0,1,0,0,0,684,422,17,19,68,47,596,355
358,22,7,64.6,35.4,88,79,10,11,18,14,23,17,10,0,11,10,3,4,6.88,6.45,Inter,Udinese,0,0,1,0,17:00,"Jmos, 15-Des-18",19.0,7.0,Won (83%),Drew (0%),Won (17%),22,7,16,7,5,0,0,0,1,0,0,0,726,399,37,7,48,63,639,328
359,18,8,58.5,41.5,87,80,12,10,8,4,15,17,8,2,11,10,2,3,6.79,6.44,Sampdoria,Empoli,0,0,1,2,14:00,"Jpl, 12-Mei-19",8.0,5.0,Won (33%),Drew (67%),Won (0%),18,8,11,4,6,2,0,1,1,1,0,0,605,430,28,10,49,59,528,360
360,6,16,36.1,63.9,67,81,8,8,22,23,23,15,3,4,7,16,4,3,6.69,6.71,Parma Calcio 1913,Torino,0,0,0,0,14:00,"Jmos, 06-Apr-19",2.0,1.0,Won (100%),Drew (0%),Won (0%),6,16,3,11,1,3,2,2,0,0,0,0,255,446,13,19,60,54,182,373
361,13,25,35.7,64.3,76,86,7,12,9,23,10,14,3,6,7,6,3,6,6.29,6.88,Frosinone,AC Milan,0,0,0,0,11:30,"Jtan, 26-Des-18",5.0,7.0,Won (0%),Drew (50%),Won (50%),13,25,13,20,0,5,0,0,0,0,0,0,341,609,17,19,66,58,258,532
362,20,9,54.7,45.3,76,70,12,9,27,24,12,16,4,5,13,5,0,1,,6.92,Torino,Bologna,1,2,2,3,19:30,"Jmos, 16-Mac-19",12.0,6.0,Won (50%),Drew (33%),Won (17%),21,9,14,7,5,0,1,1,0,1,1,0,380,318,27,15,54,58,299,245
363,10,19,57.7,42.3,85,77,6,11,13,15,9,12,8,4,5,6,0,4,,6.86,SPAL 2013,AC Milan,1,2,2,3,19:30,"Jpl, 26-Mei-19",1.0,8.0,Won (0%),Drew (0%),Won (100%),10,19,7,15,3,2,0,1,0,1,0,0,493,366,33,11,71,58,389,296
364,10,11,42.1,57.9,78,90,9,9,6,7,13,9,3,5,5,9,2,1,6.68,6.81,Sassuolo,Napoli,0,0,1,1,17:00,"Jpl, 10-Mac-19",5.0,11.0,Won (0%),Drew (50%),Won (50%),10,11,9,7,1,4,0,0,0,0,0,0,426,588,10,23,58,37,357,526
365,13,25,40.1,59.9,73,85,7,13,26,15,23,12,1,5,7,11,5,3,6.4,6.83,Cagliari,Inter,2,1,2,1,19:30,"Ijm, 01-Mac-19",4.0,18.0,Won (17%),Drew (0%),Won (83%),14,25,11,22,1,3,0,0,1,0,1,0,369,550,14,32,69,51,286,467
0,10,18,51.4,48.6,82,78,10,8,13,11,17,14,4,9,11,9,0,0,,,SPAL 2013,Empoli,1,2,2,2,14:00,"Jmos, 01-Des-18",,,,,,10,18,9,15,1,2,0,1,0,0,0,0,416,394,28,14,58,68,330,312
1,26,3,66.6,33.4,92,81,7,3,3,13,21,10,2,2,9,13,5,2,6.71,6.44,Napoli,Parma Calcio 1913,1,0,3,0,20:00,"Jtan, 26-Sep-18",,,,,,26,3,23,3,3,0,0,0,0,0,0,0,785,398,18,7,66,49,697,342
2,30,14,66.5,33.5,85,70,14,9,14,4,20,14,6,6,8,8,1,5,6.6,6.53,Atalanta,Parma Calcio 1913,0,0,3,0,14:00,"Jmos, 27-Okt-18",,,,,,31,14,24,8,5,6,1,0,0,0,1,0,646,329,19,18,61,66,566,245
3,16,14,66.2,33.8,83,61,4,2,27,29,14,19,7,7,15,9,1,4,6.88,6.44,Torino,Parma Calcio 1913,1,2,1,2,14:00,"Jmos, 10-Nov-18",,,,,,16,14,11,6,5,6,0,2,0,0,0,0,541,277,36,14,64,74,440,188
4,18,16,28.0,72.0,76,88,6,3,14,12,16,12,4,11,7,11,3,1,6.54,6.63,Parma Calcio 1913,Cagliari,1,0,2,0,14:00,"Jmos, 22-Sep-18",,,,,,18,16,15,12,2,4,1,0,0,0,0,0,249,637,9,39,56,54,184,544
5,29,7,60.5,39.5,82,69,4,4,22,19,18,11,9,7,8,10,3,9,6.53,6.64,Genoa,Parma Calcio 1913,1,3,1,3,11:30,"Jpl, 07-Okt-18",,,,,,29,7,20,4,9,3,0,0,0,0,0,0,548,359,43,11,45,75,460,273
6,4,18,34.7,65.3,71,82,7,8,13,20,12,23,2,8,14,5,7,1,6.58,6.17,Parma Calcio 1913,Lazio,0,0,0,2,14:00,"Jpl, 21-Okt-18",,,,,,4,18,2,15,2,1,0,1,0,1,0,0,325,612,12,28,56,55,257,527
7,10,17,44.3,55.7,81,88,3,5,9,20,13,10,4,5,6,7,1,1,,6.22,Parma Calcio 1913,Udinese,1,0,2,2,19:30,"Jpl, 19-Ago-18",,,,,,10,17,7,12,3,3,0,1,0,1,0,0,372,467,19,30,58,41,295,396
8,6,23,37.4,62.6,69,85,6,8,9,17,20,19,2,7,12,11,2,1,6.65,6.8,Parma Calcio 1913,Roma,0,0,0,2,14:00,"Jmos, 29-Des-18",,,,,,6,23,3,17,3,5,0,1,0,0,0,0,330,543,9,25,65,53,253,464
9,17,16,51.8,48.2,81,78,2,7,21,28,9,15,8,2,10,3,4,2,6.75,6.46,Parma Calcio 1913,Chievo,0,0,1,1,14:00,"Jpl, 09-Des-18",,,,,,17,16,13,14,4,2,0,0,0,0,0,0,446,415,27,29,60,77,358,305
10,18,7,61.9,38.1,85,76,10,8,18,17,14,16,8,8,14,9,7,2,6.9,6.72,AC Milan,Parma Calcio 1913,0,0,2,1,11:30,"Jpl, 02-Des-18",,,,,,18,7,14,4,3,3,0,0,1,0,0,0,555,342,22,18,38,67,495,255
11,11,24,34.0,66.0,80,90,6,10,10,15,9,14,4,7,7,4,4,1,6.39,6.48,Parma Calcio 1913,Juventus,1,1,1,2,19:30,"Jmos, 01-Sep-18",,,,,,11,24,9,19,2,5,0,0,0,0,0,0,325,632,18,34,43,61,264,535
12,18,4,58.0,42.0,84,74,8,8,19,15,12,11,7,2,10,6,1,3,,6.37,SPAL 2013,Parma Calcio 1913,0,0,1,0,17:00,"Jpl, 26-Ago-18",,,,,,18,4,10,2,7,2,1,0,0,0,0,0,513,374,26,10,56,61,430,303
13,28,9,73.2,26.8,88,74,7,7,11,9,14,11,10,1,8,12,1,4,7.08,6.43,Inter,Parma Calcio 1913,0,0,0,1,14:00,"Jmos, 15-Sep-18",,,,,,28,9,25,8,2,0,1,1,0,0,0,0,686,255,51,4,48,64,586,187
